{
	"variants": {
        "facing=east,in_wall=false,open=false": {"y": 270, "model": "block/bamboo_fence_gate"},
        "facing=east,in_wall=false,open=true": {"y": 270, "model": "block/bamboo_fence_gate_open"},
        "facing=east,in_wall=true,open=false": {"y": 270, "model": "block/bamboo_fence_gate"},
        "facing=east,in_wall=true,open=true": {"y": 270, "model": "block/bamboo_fence_gate_open"},
        "facing=north,in_wall=false,open=false": {"y": 180, "model": "block/bamboo_fence_gate"},
        "facing=north,in_wall=false,open=true": {"y": 180, "model": "block/bamboo_fence_gate_open"},
        "facing=north,in_wall=true,open=false": {"y": 180, "model": "block/bamboo_fence_gate"},
        "facing=north,in_wall=true,open=true": {"y": 180, "model": "block/bamboo_fence_gate_open"},
	    "facing=south,in_wall=false,open=false": {"model": "block/bamboo_fence_gate"},
        "facing=south,in_wall=false,open=true": {"model": "block/bamboo_fence_gate_open"},
        "facing=south,in_wall=true,open=false": {"model": "block/bamboo_fence_gate"},
        "facing=south,in_wall=true,open=true": {"model": "block/bamboo_fence_gate_open"},
        "facing=west,in_wall=false,open=false": {"y": 90, "model": "block/bamboo_fence_gate"},
        "facing=west,in_wall=false,open=true": {"y": 90, "model": "block/bamboo_fence_gate_open"},
        "facing=west,in_wall=true,open=false": {"y": 90, "model": "block/bamboo_fence_gate"},
        "facing=west,in_wall=true,open=true": {"y": 90, "model": "block/bamboo_fence_gate_open"}
	}
}