{
	"credit": "Made with Blockbench",
	"ambientocclusion": "false",
	"textures": {
		"1": "minecraft:block/flower_pot",
		"b": "minecraft:block/dirt",
		"particle": "#1"
	},
	"elements": [
		{
			"from": [5, 0, 5],
			"to": [6, 6, 11],
			"faces": {
				"north": {"uv": [10, 10, 11, 16], "texture": "#1"},
				"east": {"uv": [5, 10, 11, 16], "texture": "#1"},
				"south": {"uv": [5, 10, 6, 16], "texture": "#1"},
				"west": {"uv": [5, 10, 11, 16], "texture": "#1"},
				"up": {"uv": [5, 5, 6, 11], "texture": "#1"},
				"down": {"uv": [5, 5, 6, 11], "texture": "#1", "cullface": "down"}
			}
		},
		{
			"from": [10, 0, 5],
			"to": [11, 6, 11],
			"faces": {
				"north": {"uv": [5, 10, 6, 16], "texture": "#1"},
				"east": {"uv": [5, 10, 11, 16], "texture": "#1"},
				"south": {"uv": [10, 10, 11, 16], "texture": "#1"},
				"west": {"uv": [5, 10, 11, 16], "texture": "#1"},
				"up": {"uv": [10, 5, 11, 11], "texture": "#1"},
				"down": {"uv": [10, 5, 11, 11], "texture": "#1", "cullface": "down"}
			}
		},
		{
			"from": [6, 0, 5],
			"to": [10, 6, 6],
			"faces": {
				"north": {"uv": [6, 10, 10, 16], "texture": "#1"},
				"south": {"uv": [6, 10, 10, 16], "texture": "#1"},
				"up": {"uv": [6, 5, 10, 6], "texture": "#1"},
				"down": {"uv": [6, 10, 10, 11], "texture": "#1", "cullface": "down"}
			}
		},
		{
			"from": [6, 0, 10],
			"to": [10, 6, 11],
			"faces": {
				"north": {"uv": [6, 10, 10, 16], "texture": "#1"},
				"south": {"uv": [6, 10, 10, 16], "texture": "#1"},
				"up": {"uv": [6, 10, 10, 11], "texture": "#1"},
				"down": {"uv": [6, 5, 10, 6], "texture": "#1", "cullface": "down"}
			}
		},
		{
			"from": [6, 0, 6],
			"to": [10, 4, 10],
			"faces": {
				"up": {"uv": [6, 6, 10, 10], "texture": "#b"},
				"down": {"uv": [6, 12, 10, 16], "texture": "#1", "cullface": "down"}
			}
		},
		{
			"from": [4, 4, 8],
			"to": [11.8, 13, 8],
			"shade": false,
			"rotation": {"angle": 0, "axis": "z", "origin": [8, 12.25, 10]},
			"faces": {
				"north": {"uv": [0, 0, 16, 16], "texture": "#0"},
				"east": {"uv": [0, 0, 0, 0], "texture": "#0"},
				"south": {"uv": [0, 0, 16, 16], "texture": "#0"},
				"west": {"uv": [0, 0, 0, 0], "texture": "#0"}
			}
		},
		{
			"from": [8, 4, 4.2],
			"to": [8, 13, 12],
			"shade": false,
			"rotation": {"angle": 0, "axis": "y", "origin": [8, 12.25, 10]},
			"faces": {
				"north": {"uv": [0, 0, 0, 0], "texture": "#0"},
				"east": {"uv": [0, 0, 16, 16], "texture": "#0"},
				"south": {"uv": [0, 0, 0, 0], "texture": "#0"},
				"west": {"uv": [0, 0, 16, 16], "texture": "#0"}
			}
		},
		{
			"from": [2.8, 4, 8],
			"to": [13.6, 16, 8],
			"shade": false,
			"rotation": {"angle": 45, "axis": "y", "origin": [8, 8.25, 8], "rescale": true},
			"faces": {
				"north": {"uv": [0, 0, 16, 16], "texture": "#0"},
				"south": {"uv": [0, 0, 16, 16], "texture": "#0"}
			}
		},
		{
			"from": [8, 4, 2.8],
			"to": [8, 16, 13.6],
			"shade": false,
			"rotation": {"angle": 45, "axis": "y", "origin": [8, 8.25, 8], "rescale": true},
			"faces": {
				"east": {"uv": [0, 0, 16, 16], "texture": "#0"},
				"west": {"uv": [0, 0, 16, 16], "texture": "#0"}
			}
		}
	],
	"groups": [0, 1, 2, 3, 4,
		{
			"name": "group",
			"origin": [8, 8, 8],
			"children": [5, 6]
		},
		{
			"name": "tinted_cross",
			"origin": [8, 8, 8],
			"children": [7, 8]
		}
	]
}