{
	"credit": "Made with Blockbench",
	"parent": "minecraft:block/block",
	"textures": {
		"s": "minecraft:block/podzol_side",
		"t": "minecraft:block/podzol_top",
		"b": "minecraft:block/dirt",
		"particle": "#b"
	},
	"elements": [
		{
			"from": [0, 0, 0],
			"to": [16, 4, 16],
			"faces": {
				"north": {"uv": [0, 1, 16, 5], "texture": "#s", "cullface": "north"},
				"east": {"uv": [0, 1, 16, 5], "texture": "#s", "cullface": "east"},
				"south": {"uv": [0, 1, 16, 5], "texture": "#s", "cullface": "south"},
				"west": {"uv": [0, 1, 16, 5], "texture": "#s", "cullface": "west"},
				"down": {"uv": [0, 0, 16, 16], "texture": "#b", "cullface": "down"}
			}
		},
		{
			"from": [0, 4, 0],
			"to": [16, 16, 16],
			"faces": {
				"north": {"uv": [0, 0, 16, 12], "texture": "#t", "cullface": "north"},
				"east": {"uv": [0, 0, 16, 12], "texture": "#t", "cullface": "east"},
				"south": {"uv": [0, 0, 16, 12], "texture": "#t", "cullface": "south"},
				"west": {"uv": [0, 0, 16, 12], "texture": "#t", "cullface": "west"},
				"up": {"uv": [0, 0, 16, 16], "texture": "#t", "cullface": "up"}
			}
		}
	]
}