{
	"credit": "Made with Blockbench",
	"ambientocclusion": false,
	"textures": {
		"particle": "#1",
		"1": "block/flower_pot",
		"ct": "block/cactus_top",
		"c": "block/cactus_side"
	},
	"elements": [
		{
			"from": [5, 0, 5],
			"to": [11, 6, 11],
			"faces": {
				"north": {"uv": [5, 10, 11, 16], "texture": "#1"},
				"east": {"uv": [5, 10, 11, 16], "texture": "#1"},
				"south": {"uv": [5, 10, 11, 16], "texture": "#1"},
				"west": {"uv": [5, 10, 11, 16], "texture": "#1"},
				"up": {"uv": [5, 5, 11, 11], "texture": "#1"},
				"down": {"uv": [5, 5, 6, 11], "texture": "#1", "cullface": "down"}
			}
		},
		{
			"from": [6, 5, 6],
			"to": [10, 16, 10],
			"faces": {
				"north": {"uv": [6, 0, 10, 12], "texture": "#c"},
				"east": {"uv": [6, 0, 10, 12], "texture": "#c"},
				"south": {"uv": [6, 0, 10, 12], "texture": "#c"},
				"west": {"uv": [6, 0, 10, 12], "texture": "#c"},
				"up": {"uv": [6, 6, 10, 10], "texture": "#ct"}
			}
		},
		{
			"from": [7, 11, -2],
			"to": [9, 13, 3],
			"rotation": {"angle": 22.5, "axis": "x", "origin": [0, 0, 0]},
			"faces": {
				"north": {"uv": [7, 7, 9, 9], "texture": "#ct"},
				"east": {"uv": [7, 6, 9, 11], "rotation": 90, "texture": "#c"},
				"west": {"uv": [7, 6, 9, 11], "rotation": 90, "texture": "#c"},
				"up": {"uv": [7, 6, 9, 11], "texture": "#c"},
				"down": {"uv": [7, 6, 9, 11], "texture": "#c"}
			}
		}
	]
}