{
	"credit": "Made with Blockbench",
	"parent": "block/block",
	"textures": {
		"particle": "#0"
	},
	"elements": [
		{
			"from": [6.5, 0, 6.5],
			"to": [9.5, 16, 9.5],
			"faces": {
				"north": {"uv": [0, 0, 3, 16], "texture": "#0"},
				"east": {"uv": [0, 0, 3, 16], "texture": "#0"},
				"south": {"uv": [0, 0, 3, 16], "texture": "#0"},
				"west": {"uv": [0, 0, 3, 16], "texture": "#0"},
				"up": {"uv": [13, 0, 16, 3], "texture": "#0", "cullface": "up"}
			}
		},
		{
			"from": [6.5, -2, 6.5],
			"to": [9.5, 0, 9.5],
			"faces": {
				"north": {"uv": [0, 0, 3, 2], "texture": "#0", "cullface": "down"},
				"east": {"uv": [0, 0, 3, 2], "texture": "#0", "cullface": "down"},
				"south": {"uv": [0, 0, 3, 2], "texture": "#0", "cullface": "down"},
				"west": {"uv": [0, 0, 3, 2], "texture": "#0", "cullface": "down"},
				"down": {"uv": [13, 0, 16, 3], "texture": "#0", "cullface": "down"}
			}
		}
	]
}