{
	"credit": "Made with Blockbench",
	"parent": "block/tinted_cross",
	"ambientocclusion": false,
	"textures": {
		"0": "block/large_fern_top",
		"particle": "block/large_fern_top"
	},
	"elements": [
		{
			"from": [17, 3.1, 0.8],
			"to": [17, 19.1, 15.2],
			"shade": false,
			"rotation": {"angle": -22.5, "axis": "z", "origin": [8, 8, 8], "rescale": true},
			"faces": {
				"east": {"uv": [0, 0, 16, 16], "texture": "#0", "tintindex": 0},
				"west": {"uv": [0, 0, 16, 16], "texture": "#0", "tintindex": 0}
			}
		},
		{
			"from": [-0.9, 2.7, 0.8],
			"to": [-0.9, 18.7, 15.2],
			"shade": false,
			"rotation": {"angle": 22.5, "axis": "z", "origin": [8, 8, 8], "rescale": true},
			"faces": {
				"east": {"uv": [0, 0, 16, 16], "texture": "#0", "tintindex": 0},
				"west": {"uv": [0, 0, 16, 16], "texture": "#0", "tintindex": 0}
			}
		},
		{
			"from": [0.8, 3.1, 17],
			"to": [15.2, 19.1, 17],
			"shade": false,
			"rotation": {"angle": 22.5, "axis": "x", "origin": [8, 8, 8], "rescale": true},
			"faces": {
				"north": {"uv": [0, 0, 16, 16], "texture": "#0", "tintindex": 0},
				"south": {"uv": [0, 0, 16, 16], "texture": "#0", "tintindex": 0}
			}
		},
		{
			"from": [0.8, 2.7, -0.9],
			"to": [15.2, 18.7, -0.9],
			"shade": false,
			"rotation": {"angle": -22.5, "axis": "x", "origin": [8, 8, 8], "rescale": true},
			"faces": {
				"north": {"uv": [0, 0, 16, 16], "texture": "#0", "tintindex": 0},
				"south": {"uv": [0, 0, 16, 16], "texture": "#0", "tintindex": 0}
			}
		},
		{
			"from": [0.8, 0, 8],
			"to": [15.2, 16, 8],
			"shade": false,
			"rotation": {"angle": 45, "axis": "y", "origin": [8, 8, 8], "rescale": true},
			"faces": {
				"north": {"uv": [0, 0, 16, 16], "texture": "#0", "tintindex": 0},
				"south": {"uv": [0, 0, 16, 16], "texture": "#0", "tintindex": 0}
			}
		},
		{
			"from": [8, 0, 0.8],
			"to": [8, 16, 15.2],
			"shade": false,
			"rotation": {"angle": 45, "axis": "y", "origin": [8, 8, 8], "rescale": true},
			"faces": {
				"east": {"uv": [0, 0, 16, 16], "texture": "#0", "tintindex": 0},
				"west": {"uv": [0, 0, 16, 16], "texture": "#0", "tintindex": 0}
			}
		}
	],
	"groups": [
		{
			"name": "group",
			"origin": [8, 8, 8],
			"children": [
				{
					"name": "group",
					"origin": [8, 8, 8],
					"children": [0, 1]
				},
				{
					"name": "group",
					"origin": [8, 8, 8],
					"children": [2, 3]
				},
				{
					"name": "tinted_cross",
					"origin": [8, 8, 8],
					"children": [4, 5]
				}
			]
		}
	]
}