{
	"credit": "Made with Blockbench",
	"parent": "block/block",
	"textures": {
		"particle": "#all"
	},
	"elements": [
		{
			"name": "leaves_block",
			"from": [0, 0, 0],
			"to": [16, 16, 16],
			"faces": {
				"north": {"uv": [0, 0, 16, 16], "texture": "#all", "cullface": "north"},
				"east": {"uv": [0, 0, 16, 16], "texture": "#all", "cullface": "east"},
				"south": {"uv": [0, 0, 16, 16], "texture": "#all", "cullface": "south"},
				"west": {"uv": [0, 0, 16, 16], "texture": "#all", "cullface": "west"},
				"up": {"uv": [0, 0, 16, 16], "texture": "#all", "cullface": "up"},
				"down": {"uv": [0, 0, 16, 16], "texture": "#all", "cullface": "down"}
			}
		},
		{
			"from": [4.25, -4, 10.25],
			"to": [4.25, 8, 22.25],
			"shade": false,
			"rotation": {"angle": 22.5, "axis": "y", "origin": [0, 0, 0]},
			"faces": {
				"east": {"uv": [0, 4, 12, 16], "texture": "#all"},
				"west": {"uv": [4, 4, 16, 16], "texture": "#all"}
			}
		},
		{
			"from": [4.25, 8, 10.25],
			"to": [4.25, 20, 22.25],
			"shade": false,
			"rotation": {"angle": 22.5, "axis": "y", "origin": [0, 0, 0]},
			"faces": {
				"east": {"uv": [0, 0, 12, 12], "texture": "#all"},
				"west": {"uv": [4, 0, 16, 12], "texture": "#all"}
			}
		},
		{
			"from": [4.25, 20, 2.25],
			"to": [4.25, 22, 18.25],
			"shade": false,
			"rotation": {"angle": 22.5, "axis": "y", "origin": [0, 0, 0]},
			"faces": {
				"east": {"uv": [0, 14, 16, 16], "texture": "#all"},
				"west": {"uv": [16, 14, 0, 16], "texture": "#all"}
			}
		},
		{
			"from": [4.25, -6, 2.25],
			"to": [4.25, -4, 18.25],
			"shade": false,
			"rotation": {"angle": 22.5, "axis": "y", "origin": [0, 0, 0]},
			"faces": {
				"east": {"uv": [0, 0, 16, 2], "texture": "#all"},
				"west": {"uv": [16, 0, 0, 2], "texture": "#all"}
			}
		},
		{
			"from": [4.25, 0, 22.25],
			"to": [4.25, 16, 24.25],
			"shade": false,
			"rotation": {"angle": 22.5, "axis": "y", "origin": [0, 0, 0]},
			"faces": {
				"east": {"uv": [14, 0, 16, 16], "texture": "#all"},
				"west": {"uv": [16, 0, 14, 16], "texture": "#all"}
			}
		},
		{
			"from": [4.25, 0, -3.75],
			"to": [4.25, 16, -1.75],
			"shade": false,
			"rotation": {"angle": 22.5, "axis": "y", "origin": [0, 0, 0]},
			"faces": {
				"east": {"uv": [0, 0, 2, 16], "texture": "#all"},
				"west": {"uv": [2, 0, 0, 16], "texture": "#all"}
			}
		},
		{
			"from": [4.25, -4, -1.75],
			"to": [4.25, 8, 10.25],
			"shade": false,
			"rotation": {"angle": 22.5, "axis": "y", "origin": [0, 0, 0]},
			"faces": {
				"east": {"uv": [4, 4, 16, 16], "texture": "#all"},
				"west": {"uv": [0, 4, 12, 16], "texture": "#all"}
			}
		},
		{
			"from": [4.25, 8, -1.75],
			"to": [4.25, 20, 10.25],
			"shade": false,
			"rotation": {"angle": 22.5, "axis": "y", "origin": [0, 0, 0]},
			"faces": {
				"east": {"uv": [4, 0, 16, 11], "texture": "#all"},
				"west": {"uv": [0, 0, 12, 12], "texture": "#all"}
			}
		},
		{
			"from": [-7.75, -4, 10.25],
			"to": [4.25, 8, 10.25],
			"shade": false,
			"rotation": {"angle": 22.5, "axis": "y", "origin": [0, 0, 0]},
			"faces": {
				"north": {"uv": [4, 4, 16, 16], "texture": "#all"},
				"south": {"uv": [0, 4, 12, 16], "texture": "#all"}
			}
		},
		{
			"from": [-7.75, 8, 10.25],
			"to": [4.25, 20, 10.25],
			"shade": false,
			"rotation": {"angle": 22.5, "axis": "y", "origin": [0, 0, 0]},
			"faces": {
				"north": {"uv": [4, 0, 16, 12], "texture": "#all"},
				"south": {"uv": [0, 0, 12, 12], "texture": "#all"}
			}
		},
		{
			"from": [-3.75, 20, 10.25],
			"to": [12.25, 22, 10.25],
			"shade": false,
			"rotation": {"angle": 22.5, "axis": "y", "origin": [0, 0, 0]},
			"faces": {
				"north": {"uv": [16, 14, 0, 16], "texture": "#all"},
				"south": {"uv": [0, 14, 16, 16], "texture": "#all"}
			}
		},
		{
			"from": [-3.75, -6, 10.25],
			"to": [12.25, -4, 10.25],
			"shade": false,
			"rotation": {"angle": 22.5, "axis": "y", "origin": [0, 0, 0]},
			"faces": {
				"north": {"uv": [16, 0, 0, 2], "texture": "#all"},
				"south": {"uv": [0, 0, 16, 2], "texture": "#all"}
			}
		},
		{
			"from": [-9.75, 0, 10.25],
			"to": [-7.75, 16, 10.25],
			"shade": false,
			"rotation": {"angle": 22.5, "axis": "y", "origin": [0, 0, 0]},
			"faces": {
				"north": {"uv": [16, 0, 14, 16], "texture": "#all"},
				"south": {"uv": [14, 0, 16, 16], "texture": "#all"}
			}
		},
		{
			"from": [16.25, 0, 10.25],
			"to": [18.25, 16, 10.25],
			"shade": false,
			"rotation": {"angle": 22.5, "axis": "y", "origin": [0, 0, 0]},
			"faces": {
				"north": {"uv": [2, 0, 0, 16], "texture": "#all"},
				"south": {"uv": [0, 0, 2, 16], "texture": "#all"}
			}
		},
		{
			"from": [4.25, -4, 10.25],
			"to": [16.25, 8, 10.25],
			"shade": false,
			"rotation": {"angle": 22.5, "axis": "y", "origin": [0, 0, 0]},
			"faces": {
				"north": {"uv": [0, 4, 12, 16], "texture": "#all"},
				"south": {"uv": [4, 4, 16, 16], "texture": "#all"}
			}
		},
		{
			"from": [4.25, 8, 10.25],
			"to": [16.25, 20, 10.25],
			"shade": false,
			"rotation": {"angle": 22.5, "axis": "y", "origin": [0, 0, 0]},
			"faces": {
				"north": {"uv": [0, 0, 12, 12], "texture": "#all"},
				"south": {"uv": [4, 0, 16, 11], "texture": "#all"}
			}
		}
	],
	"groups": [0,
		{
			"name": "leaves_bushy",
			"origin": [8, 8, 8],
			"children": [
				{
					"name": "1",
					"origin": [8, 8, 8],
					"children": [1, 2, 3, 4, 5, 6, 7, 8]
				},
				{
					"name": "2",
					"origin": [8, 8, 8],
					"children": [9, 10, 11, 12, 13, 14, 15, 16]
				}
			]
		}
	]
}