{
	"credit": "Made with Blockbench",
	"parent": "minecraft:block/tinted_cross",
	"ambientocclusion": false,
	"textures": {
		"particle": "block/large_fern_top"
	},
	"elements": [
		{
			"from": [0.8, 4.2, 15.8],
			"to": [15.2, 4.2, 30.8],
			"shade": false,
			"rotation": {"angle": 22.5, "axis": "x", "origin": [8, 8, 8], "rescale": true},
			"faces": {
				"up": {"uv": [0, 0, 16, 16], "rotation": 180, "texture": "#particle", "cullface": "down", "tintindex": 0},
				"down": {"uv": [0, 0, 16, 16], "texture": "#particle", "cullface": "down", "tintindex": 0}
			}
		},
		{
			"from": [0.8, 4.5, -15.7],
			"to": [15.2, 4.5, -0.7],
			"shade": false,
			"rotation": {"angle": -22.5, "axis": "x", "origin": [8, 8, 8], "rescale": true},
			"faces": {
				"up": {"uv": [0, 0, 16, 16], "texture": "#particle", "cullface": "down", "tintindex": 0},
				"down": {"uv": [0, 0, 16, 16], "rotation": 180, "texture": "#particle", "cullface": "down", "tintindex": 0}
			}
		},
		{
			"from": [16.2, 3.45, 0.8],
			"to": [32, 3.45, 15.2],
			"shade": false,
			"rotation": {"angle": -22.5, "axis": "z", "origin": [8, 8, 8]},
			"faces": {
				"up": {"uv": [0, 0, 16, 16], "rotation": 90, "texture": "#particle", "cullface": "down", "tintindex": 0},
				"down": {"uv": [0, 0, 16, 16], "rotation": 90, "texture": "#particle", "cullface": "down", "tintindex": 0}
			}
		},
		{
			"from": [-14.75, 4.05, 0.8],
			"to": [-1.75, 4.05, 15.2],
			"shade": false,
			"rotation": {"angle": 22.5, "axis": "z", "origin": [8, 8, 8]},
			"faces": {
				"up": {"uv": [0, 0, 16, 16], "rotation": 270, "texture": "#particle", "cullface": "down", "tintindex": 0},
				"down": {"uv": [0, 0, 16, 16], "rotation": 270, "texture": "#particle", "cullface": "down", "tintindex": 0}
			}
		},
		{
			"from": [0.8, 0.25, 8],
			"to": [15.2, 16.25, 8],
			"shade": false,
			"rotation": {"angle": 45, "axis": "y", "origin": [8, 8, 8], "rescale": true},
			"faces": {
				"north": {"uv": [0, 0, 16, 16], "texture": "#particle", "tintindex": 0},
				"south": {"uv": [0, 0, 16, 16], "texture": "#particle", "tintindex": 0}
			}
		},
		{
			"from": [8, 0.25, 0.8],
			"to": [8, 16.25, 15.2],
			"shade": false,
			"rotation": {"angle": 45, "axis": "y", "origin": [8, 8, 8], "rescale": true},
			"faces": {
				"east": {"uv": [0, 0, 16, 16], "texture": "#particle", "tintindex": 0},
				"west": {"uv": [0, 0, 16, 16], "texture": "#particle", "tintindex": 0}
			}
		}
	],
	"groups": [
		{
			"name": "large_fern_top",
			"origin": [8, 8, 8],
			"children": [
				{
					"name": "large_fern_top",
					"origin": [8, 8, 8],
					"children": [
						{
							"name": "group",
							"origin": [8, 8, 8],
							"children": [
								{
									"name": "group",
									"origin": [8, 8, 8],
									"children": [0, 1]
								},
								{
									"name": "group",
									"origin": [8, 8, 8],
									"children": [2, 3]
								},
								{
									"name": "tinted_cross",
									"origin": [8, 8, 8],
									"children": [4, 5]
								}
							]
						}
					]
				}
			]
		}
	]
}