{
	"credit": "Made with Blockbench",
	"parent": "minecraft:block/tinted_cross",
	"ambientocclusion": false,
	"textures": {
		"particle": "#0"
	},
	"elements": [
		{
			"from": [4.5, 1.75, 0.8],
			"to": [4.5, 17.75, 15.2],
			"shade": false,
			"rotation": {"angle": 22.5, "axis": "z", "origin": [8, 8.25, 8], "rescale": true},
			"faces": {
				"east": {"uv": [0, 0, 16, 16], "texture": "#1"},
				"west": {"uv": [0, 0, 16, 16], "texture": "#1"}
			}
		},
		{
			"from": [12, 2, 0.8],
			"to": [12, 18, 15.2],
			"shade": false,
			"rotation": {"angle": -22.5, "axis": "z", "origin": [8, 8.25, 8], "rescale": true},
			"faces": {
				"east": {"uv": [0, 0, 16, 16], "texture": "#1"},
				"west": {"uv": [0, 0, 16, 16], "texture": "#1"}
			}
		},
		{
			"from": [0.8, 1.75, 4.5],
			"to": [15.2, 17.75, 4.5],
			"shade": false,
			"rotation": {"angle": -22.5, "axis": "x", "origin": [8, 8.25, 8], "rescale": true},
			"faces": {
				"north": {"uv": [0, 0, 16, 16], "texture": "#1"},
				"south": {"uv": [0, 0, 16, 16], "texture": "#1"}
			}
		},
		{
			"from": [0.8, 1.5, 10.75],
			"to": [15.2, 17.5, 10.75],
			"shade": false,
			"rotation": {"angle": 22.5, "axis": "x", "origin": [8, 8.25, 8], "rescale": true},
			"faces": {
				"north": {"uv": [0, 0, 16, 16], "texture": "#1"},
				"south": {"uv": [0, 0, 16, 16], "texture": "#1"}
			}
		},
		{
			"from": [0.8, 0.25, 8],
			"to": [15.2, 16.25, 8],
			"shade": false,
			"rotation": {"angle": 45, "axis": "y", "origin": [8, 8.25, 8], "rescale": true},
			"faces": {
				"north": {"uv": [0, 0, 16, 16], "texture": "#0"},
				"south": {"uv": [0, 0, 16, 16], "texture": "#0"}
			}
		},
		{
			"from": [8, 0.25, 0.8],
			"to": [8, 16.25, 15.2],
			"shade": false,
			"rotation": {"angle": 45, "axis": "y", "origin": [8, 8.25, 8], "rescale": true},
			"faces": {
				"east": {"uv": [0, 0, 16, 16], "texture": "#0"},
				"west": {"uv": [0, 0, 16, 16], "texture": "#0"}
			}
		}
	],
	"groups": [
		{
			"name": "group",
			"origin": [8, 8, 8],
			"children": [
				{
					"name": "group",
					"origin": [8, 8, 8],
					"children": [0, 1]
				},
				{
					"name": "group",
					"origin": [8, 8, 8],
					"children": [2, 3]
				},
				{
					"name": "tinted_cross",
					"origin": [8, 8, 8],
					"children": [4, 5]
				}
			]
		}
	]
}