{
	"multipart": [
		{"apply": {"model": "block/oak_leaves"}},
		{"apply": [
			{"model": "block/ext_oak_leaves1"},
			{"model": "block/ext_oak_leaves2"},
			{"model": "block/ext_oak_leaves1", "y": 90},
			{"model": "block/ext_oak_leaves2", "y": 90},
			{"model": "block/ext_oak_leaves1", "y": 180},
			{"model": "block/ext_oak_leaves2", "y": 180},
			{"model": "block/ext_oak_leaves1", "y": 270},
			{"model": "block/ext_oak_leaves2", "y": 270}]
		},
		{"apply": [
			{"model": "block/ext_oak_leaves2", "y": 90},
			{"model": "block/ext_oak_leaves1", "y": 90},
			{"model": "block/ext_oak_leaves1"},
			{"model": "block/ext_oak_leaves2"},
			{"model": "block/ext_oak_leaves2", "y": 270},
			{"model": "block/ext_oak_leaves1", "y": 270},
			{"model": "block/ext_oak_leaves1", "y": 180},
			{"model": "block/ext_oak_leaves2", "y": 180}]
		},
		{"apply": [
			{"model": "block/air", "weight": 8},
			{"model": "block/leaves_inner_branch"},
			{"model": "block/leaves_inner_branch", "y": 90},
			{"model": "block/leaves_inner_branch", "y": 180},
			{"model": "block/leaves_inner_branch", "y": 270}]
		},
		{"apply": [
			{"model": "block/air", "weight": 8},
			{"model": "block/leaves_inner_branch", "y": 90},
			{"model": "block/leaves_inner_branch", "y": 180},
			{"model": "block/leaves_inner_branch", "y": 270},
			{"model": "block/leaves_inner_branch"}]
		},
		{"apply": [
			{"model": "block/air", "weight": 16},
			{"model": "block/leaves_inner_branch", "y": 180},
			{"model": "block/leaves_inner_branch", "y": 270},
			{"model": "block/leaves_inner_branch"},
			{"model": "block/leaves_inner_branch", "y": 90}]
		},
		{"apply": [
			{"model": "block/air", "weight": 32},
			{"model": "block/leaves_inner_branch", "y": 270},
			{"model": "block/leaves_inner_branch"},
			{"model": "block/leaves_inner_branch", "y": 90},
			{"model": "block/leaves_inner_branch", "y": 180}]
		},
		{"apply": [
			{"model": "block/air", "weight": 140},
			{"model": "block/falling_oak_leaves_3", "y": 270},
			{"model": "block/falling_oak_leaves_3"},
			{"model": "block/falling_oak_leaves_3", "y": 90},
			{"model": "block/falling_oak_leaves_3", "y": 180}]
		},
		{"apply": [
			{"model": "block/air", "weight": 154},
			{"model": "block/falling_oak_leaves_4", "y": 270},
			{"model": "block/falling_oak_leaves_4"},
			{"model": "block/falling_oak_leaves_4", "y": 90},
			{"model": "block/falling_oak_leaves_4", "y": 180}]
		},
		{"apply": [
			{"model": "block/air", "weight": 160},
			{"model": "block/falling_oak_leaves_1", "y": 270},
			{"model": "block/falling_oak_leaves_1"},
			{"model": "block/falling_oak_leaves_1", "y": 90},
			{"model": "block/falling_oak_leaves_1", "y": 180}]
		},
		{"apply": [
			{"model": "block/air", "weight": 174},
			{"model": "block/falling_oak_leaves", "y": 270},
			{"model": "block/falling_oak_leaves"},
			{"model": "block/falling_oak_leaves", "y": 90},
			{"model": "block/falling_oak_leaves", "y": 180}]
		},
		{"apply": [
			{"model": "block/air", "weight": 180},
			{"model": "block/falling_oak_leaves_2", "y": 270},
			{"model": "block/falling_oak_leaves_2"},
			{"model": "block/falling_oak_leaves_2", "y": 90},
			{"model": "block/falling_oak_leaves_2", "y": 180}]
		}
	]
}