{
	"credit": "Made with Blockbench",
	"parent": "block/block",
	"textures": {
		"5": "block/mycelium_top",
		"6": "block/mycelium_side",
		"bottom": "block/dirt",
		"particle": "#bottom"
	},
	"elements": [
		{
			"from": [0, 0, 0],
			"to": [16, 8, 16],
			"faces": {
				"north": {"uv": [0, 2, 16, 10], "texture": "#6", "cullface": "north"},
				"east": {"uv": [0, 2, 16, 10], "texture": "#6", "cullface": "east"},
				"south": {"uv": [0, 2, 16, 10], "texture": "#6", "cullface": "south"},
				"west": {"uv": [0, 2, 16, 10], "texture": "#6", "cullface": "west"},
				"down": {"uv": [0, 0, 16, 16], "texture": "#bottom", "cullface": "down"}
			}
		},
		{
			"from": [0, 8, 0],
			"to": [16, 16, 16],
			"faces": {
				"north": {"uv": [0, 6, 16, 16], "texture": "#5", "cullface": "north"},
				"east": {"uv": [0, 0, 16, 8], "texture": "#5", "cullface": "east"},
				"south": {"uv": [0, 6, 16, 16], "texture": "#5", "cullface": "south"},
				"west": {"uv": [0, 6, 16, 16], "texture": "#5", "cullface": "west"},
				"up": {"uv": [0, 0, 16, 16], "texture": "#5", "cullface": "up", "tintindex": 0}
			}
		}
	]
}