{
	"credit": "Made with Blockbench",
	"parent": "minecraft:block/cross",
	"ambientocclusion": false,
	"textures": {
		"particle": "#texture"
	},
	"elements": [
		{
			"from": [11.5, -1.25, 0.8],
			"to": [11.5, 14.75, 15.2],
			"shade": false,
			"rotation": {"angle": 22.5, "axis": "z", "origin": [8, 8.25, 8], "rescale": true},
			"faces": {
				"east": {"uv": [0, 0, 16, 16], "texture": "#texture1"},
				"west": {"uv": [0, 0, 16, 16], "texture": "#texture1"}
			}
		},
		{
			"from": [4.5, -1.25, 0.8],
			"to": [4.5, 14.75, 15.2],
			"shade": false,
			"rotation": {"angle": -22.5, "axis": "z", "origin": [8, 8.25, 8], "rescale": true},
			"faces": {
				"east": {"uv": [0, 0, 16, 16], "texture": "#texture1"},
				"west": {"uv": [0, 0, 16, 16], "texture": "#texture1"}
			}
		},
		{
			"from": [0.8, -1.25, 4.5],
			"to": [15.2, 14.75, 4.5],
			"shade": false,
			"rotation": {"angle": 22.5, "axis": "x", "origin": [8, 8.25, 8], "rescale": true},
			"faces": {
				"north": {"uv": [0, 0, 16, 16], "texture": "#texture1"},
				"south": {"uv": [0, 0, 16, 16], "texture": "#texture1"}
			}
		},
		{
			"from": [0.8, -1.25, 11.5],
			"to": [15.2, 14.75, 11.5],
			"shade": false,
			"rotation": {"angle": -22.5, "axis": "x", "origin": [8, 8.25, 8], "rescale": true},
			"faces": {
				"north": {"uv": [0, 0, 16, 16], "texture": "#texture1"},
				"south": {"uv": [0, 0, 16, 16], "texture": "#texture1"}
			}
		},
		{
			"from": [0.8, 0, 8],
			"to": [15.2, 16, 8],
			"shade": false,
			"rotation": {"angle": 45, "axis": "y", "origin": [8, 8.25, 8], "rescale": true},
			"faces": {
				"north": {"uv": [0, 0, 16, 16], "texture": "#texture"},
				"south": {"uv": [0, 0, 16, 16], "texture": "#texture"}
			}
		},
		{
			"from": [8, 0, 0.8],
			"to": [8, 16, 15.2],
			"shade": false,
			"rotation": {"angle": 45, "axis": "y", "origin": [8, 8.25, 8], "rescale": true},
			"faces": {
				"east": {"uv": [0, 0, 16, 16], "texture": "#texture"},
				"west": {"uv": [0, 0, 16, 16], "texture": "#texture"}
			}
		}
	],
	"groups": [
		{
			"name": "group",
			"origin": [8, 8, 8],
			"children": [
				{
					"name": "group",
					"origin": [8, 8, 8],
					"children": [0, 1]
				},
				{
					"name": "group",
					"origin": [8, 8, 8],
					"children": [2, 3]
				},
				{
					"name": "tinted_cross",
					"origin": [8, 8, 8],
					"children": [4, 5]
				}
			]
		}
	]
}