{
	"credit": "Made with Blockbench",
	"ambientocclusion": false,
	"textures": {
		"0": "block/herobrine",
		"particle": "block/herobrine",
		"bottom": "block/oak_door_bottom",
		"top": "block/oak_door_top"
	},
	"elements": [
		{
			"name": "door",
			"from": [0, 0, 0],
			"to": [3, 16, 16],
			"faces": {
				"north": {"uv": [0, 0, 3, 16], "texture": "#top", "cullface": "north"},
				"east": {"uv": [0, 0, 16, 16], "texture": "#top"},
				"south": {"uv": [3, 0, 0, 16], "texture": "#top", "cullface": "south"},
				"west": {"uv": [16, 0, 0, 16], "texture": "#top", "cullface": "west"},
				"up": {"uv": [13, 0, 16, 16], "rotation": 180, "texture": "#bottom", "cullface": "up"}
			}
		},
		{
			"name": "head",
			"from": [7, 7.6, 4],
			"to": [15, 15.6, 12],
			"faces": {
				"north": {"uv": [0, 2, 2, 4], "texture": "#0"},
				"east": {"uv": [6, 2, 8, 4], "texture": "#0"},
				"south": {"uv": [4, 2, 6, 4], "texture": "#0"},
				"west": {"uv": [2, 2, 4, 4], "texture": "#0"},
				"up": {"uv": [2, 0, 4, 2], "rotation": 270, "texture": "#0"},
				"down": {"uv": [4, 0, 6, 2], "rotation": 90, "texture": "#0"}
			}
		},
		{
			"name": "body",
			"from": [9.5, -4, 4],
			"to": [13.5, 8, 12],
			"faces": {
				"east": {"uv": [8, 5, 10, 8], "texture": "#0"},
				"west": {"uv": [5, 5, 7, 8], "texture": "#0"}
			}
		},
		{
			"name": "right_arm",
			"from": [9.5, -4, 0],
			"to": [13.5, 8, 4],
			"faces": {
				"north": {"uv": [13, 5, 14, 8], "texture": "#0"},
				"east": {"uv": [13, 5, 14, 8], "texture": "#0"},
				"west": {"uv": [11, 5, 12, 8], "texture": "#0"},
				"up": {"uv": [11, 4, 12, 5], "rotation": 270, "texture": "#0"},
				"down": {"uv": [12, 4, 13, 5], "rotation": 90, "texture": "#0"}
			}
		},
		{
			"name": "left_arm",
			"from": [9.5, -4, 12],
			"to": [13.5, 8, 16],
			"faces": {
				"east": {"uv": [11, 13, 12, 16], "texture": "#0"},
				"south": {"uv": [10, 13, 11, 16], "texture": "#0"},
				"west": {"uv": [9, 13, 10, 16], "texture": "#0"},
				"up": {"uv": [9, 12, 10, 13], "rotation": 270, "texture": "#0"},
				"down": {"uv": [10, 12, 11, 13], "rotation": 90, "texture": "#0"}
			}
		},
		{
			"name": "left_leg",
			"from": [9.5, -16, 8],
			"to": [13.5, -4, 12],
			"faces": {
				"east": {"uv": [7, 13, 8, 16], "texture": "#0"},
				"south": {"uv": [6, 13, 7, 16], "texture": "#0"},
				"west": {"uv": [5, 13, 6, 16], "texture": "#0"},
				"down": {"uv": [6, 12, 7, 13], "rotation": 90, "texture": "#0"}
			}
		},
		{
			"name": "right_leg",
			"from": [9.5, -16, 4],
			"to": [13.5, -4, 8],
			"faces": {
				"north": {"uv": [0, 5, 1, 8], "texture": "#0"},
				"east": {"uv": [3, 5, 4, 8], "texture": "#0"},
				"west": {"uv": [1, 5, 2, 8], "texture": "#0"},
				"down": {"uv": [2, 4, 3, 5], "rotation": 90, "texture": "#0"}
			}
		}
	],
	"groups": [0,
		{
			"name": "herobrine",
			"origin": [0, 0, 0],
			"color": 0,
			"children": [1, 2, 3, 4, 5, 6]
		}
	]
}