{
	"credit": "Made with Blockbench",
	"textures": {
		"particle": "#texture"
	},
	"elements": [
		{
			"name": "lower bar",
			"from": [7, -1, 1],
			"to": [9, 15, 4],
			"faces": {
				"north": {"uv": [7, 0, 9, 9], "rotation": 180, "texture": "#texture"},
				"east": {"uv": [15, 7, 0, 10], "rotation": 90, "texture": "#texture"},
				"south": {"uv": [7, 0, 9, 9], "texture": "#texture"},
				"west": {"uv": [0, 7, 15, 10], "rotation": 90, "texture": "#texture"},
				"up": {"uv": [2, 7, 0, 10], "texture": "#texture"},
				"down": {"uv": [7, 7, 9, 10], "texture": "#texture", "cullface": "down"}
			}
		},
		{
			"name": "lower bar",
			"from": [7.5, 6, 0],
			"to": [8.5, 9, 6],
			"faces": {
				"east": {"uv": [0, 7, 6, 10], "texture": "#texture"},
				"west": {"uv": [0, 7, 6, 10], "texture": "#texture"},
				"up": {"uv": [8, 0, 9, 6], "texture": "#texture"},
				"down": {"uv": [8, 0, 9, 6], "texture": "#texture"}
			}
		}
	]
}