{
	"credit": "Made with Blockbench",
	"parent": "block/block",
	"ambientocclusion": false,
	"textures": {
		"particle": "#texture"
	},
	"elements": [
		{
			"name": "post",
			"from": [6, 0, 0],
			"to": [10, 16, 4],
			"faces": {
				"north": {"uv": [6, 0, 10, 16], "texture": "#texture1"},
				"east": {"uv": [6, 0, 10, 16], "texture": "#texture1"},
				"south": {"uv": [6, 0, 10, 16], "texture": "#texture1"},
				"west": {"uv": [6, 0, 10, 16], "texture": "#texture1"},
				"up": {"uv": [6, 6, 10, 10], "texture": "#texture1", "cullface": "up"},
				"down": {"uv": [6, 6, 10, 10], "texture": "#texture1"}
			}
		},
		{
			"name": "post",
			"from": [6, 0, 12],
			"to": [10, 16, 16],
			"faces": {
				"north": {"uv": [6, 0, 10, 16], "texture": "#texture1"},
				"east": {"uv": [6, 0, 10, 16], "texture": "#texture1"},
				"south": {"uv": [6, 0, 10, 16], "texture": "#texture1"},
				"west": {"uv": [6, 0, 10, 16], "texture": "#texture1"},
				"up": {"uv": [6, 6, 10, 10], "texture": "#texture1", "cullface": "up"},
				"down": {"uv": [6, 6, 10, 10], "texture": "#texture1"}
			}
		},
		{
			"name": "lower bar",
			"from": [7, 0, 4.5],
			"to": [9, 15, 7.5],
			"faces": {
				"north": {"uv": [7, 0, 9, 9], "rotation": 180, "texture": "#texture"},
				"east": {"uv": [0, 7, 15, 10], "rotation": 270, "texture": "#texture"},
				"south": {"uv": [7, 0, 9, 9], "texture": "#texture"},
				"west": {"uv": [0, 7, 15, 10], "rotation": 90, "texture": "#texture"},
				"up": {"uv": [7, 10, 9, 7], "rotation": 180, "texture": "#texture"},
				"down": {"uv": [7, 7, 9, 10], "texture": "#texture", "cullface": "down"}
			}
		},
		{
			"name": "lower bar",
			"from": [7.5, 6, 4],
			"to": [8.5, 9, 7.75],
			"faces": {
				"east": {"uv": [0, 7, 6, 10], "texture": "#texture"},
				"west": {"uv": [0, 7, 3.75, 10], "texture": "#texture"},
				"up": {"uv": [7, 0, 9, 3.75], "texture": "#texture"},
				"down": {"uv": [7, 0, 9, 9], "texture": "#texture"}
			}
		},
		{
			"name": "lower bar",
			"from": [7, 0, 8.5],
			"to": [9, 15, 11.5],
			"faces": {
				"north": {"uv": [7, 0, 9, 9], "rotation": 180, "texture": "#texture"},
				"east": {"uv": [0, 7, 15, 10], "rotation": 270, "texture": "#texture"},
				"south": {"uv": [7, 0, 9, 9], "texture": "#texture"},
				"west": {"uv": [0, 7, 15, 10], "rotation": 90, "texture": "#texture"},
				"up": {"uv": [7, 10, 9, 7], "rotation": 180, "texture": "#texture"},
				"down": {"uv": [7, 7, 9, 10], "texture": "#texture", "cullface": "down"}
			}
		},
		{
			"name": "lower bar",
			"from": [7.5, 6, 7.75],
			"to": [8.5, 9, 14],
			"faces": {
				"east": {"uv": [0, 7, 6.25, 10], "texture": "#texture"},
				"west": {"uv": [0, 7, 6.25, 10], "texture": "#texture"},
				"up": {"uv": [7, 0, 9, 6.25], "texture": "#texture"},
				"down": {"uv": [7, 0, 9, 9], "texture": "#texture"}
			}
		}
	],
	"display": {
		"gui": {
			"rotation": [30, 135, 0],
			"scale": [0.625, 0.625, 0.625]
		},
		"fixed": {
			"rotation": [0, 90, 0],
			"scale": [0.5, 0.5, 0.5]
		}
	},
	"groups": [0, 1,
		{
			"name": "fence_post",
			"origin": [8, 8, 8],
			"children": []
		},
		{
			"name": "fence_side",
			"origin": [8, 8, 8],
			"children": [2, 3]
		},
		{
			"name": "fence_side",
			"origin": [8, 8, 8],
			"children": [4, 5]
		}
	]
}