{
	"credit": "Made with Blockbench",
	"parent": "block/block",
	"textures": {
		"particle": "#texture1"
	},
	"elements": [
		{
			"name": "Center post",
			"from": [14, 0, 6],
			"to": [16, 16, 10],
			"faces": {
				"north": {"uv": [8, 0, 10, 16], "texture": "#texture1"},
				"east": {"uv": [7, 0, 10, 16], "texture": "#texture1"},
				"south": {"uv": [8, 0, 10, 16], "texture": "#texture1"},
				"west": {"uv": [7, 0, 10, 16], "texture": "#texture1"},
				"up": {"uv": [7, 6, 9, 10], "texture": "#texture1", "cullface": "up"}
			}
		},
		{
			"name": "Center post",
			"from": [0, 0, 6],
			"to": [2, 16, 10],
			"faces": {
				"north": {"uv": [8, 0, 10, 16], "texture": "#texture1"},
				"east": {"uv": [7, 0, 10, 16], "texture": "#texture1"},
				"south": {"uv": [8, 0, 10, 16], "texture": "#texture1"},
				"west": {"uv": [7, 0, 10, 16], "texture": "#texture1"},
				"up": {"uv": [7, 6, 9, 10], "texture": "#texture1", "cullface": "up"}
			}
		},
		{
			"name": "Center post",
			"from": [14, -1, 6],
			"to": [16, 0, 10],
			"faces": {
				"north": {"uv": [8, 0, 10, 1], "texture": "#texture1", "cullface": "down"},
				"east": {"uv": [7, 0, 11, 1], "texture": "#texture1", "cullface": "down"},
				"south": {"uv": [8, 0, 10, 1], "texture": "#texture1", "cullface": "down"},
				"west": {"uv": [7, 0, 11, 1], "texture": "#texture1", "cullface": "down"},
				"down": {"uv": [7, 6, 9, 10], "texture": "#texture1", "cullface": "down"}
			}
		},
		{
			"name": "Center post",
			"from": [0, -1, 6],
			"to": [2, 0, 10],
			"faces": {
				"north": {"uv": [8, 0, 10, 1], "texture": "#texture1", "cullface": "down"},
				"east": {"uv": [7, 0, 11, 1], "texture": "#texture1", "cullface": "down"},
				"south": {"uv": [8, 0, 10, 1], "texture": "#texture1", "cullface": "down"},
				"west": {"uv": [7, 0, 11, 1], "texture": "#texture1", "cullface": "down"},
				"down": {"uv": [7, 6, 9, 10], "texture": "#texture1", "cullface": "down"}
			}
		},
		{
			"name": "door",
			"from": [2.5, -1, 8],
			"to": [3.5, 15, 13.25],
			"faces": {
				"north": {"uv": [0, 8, 16, 9], "rotation": 90, "texture": "#texture"},
				"east": {"uv": [0, 10.25, 16, 5], "rotation": 90, "texture": "#texture"},
				"south": {"uv": [0, 8, 16, 9], "rotation": 90, "texture": "#texture"},
				"west": {"uv": [0, 5, 16, 10.25], "rotation": 90, "texture": "#texture"},
				"up": {"uv": [8, 5, 9, 10.25], "rotation": 180, "texture": "#texture"},
				"down": {"uv": [8, 10.25, 9, 5], "texture": "#texture"}
			}
		},
		{
			"name": "door",
			"from": [12.5, -1, 8],
			"to": [13.5, 15, 13.25],
			"faces": {
				"north": {"uv": [0, 8, 16, 9], "rotation": 90, "texture": "#texture"},
				"east": {"uv": [0, 10.25, 16, 5], "rotation": 90, "texture": "#texture"},
				"south": {"uv": [0, 8, 16, 9], "rotation": 90, "texture": "#texture"},
				"west": {"uv": [0, 5, 16, 10.25], "rotation": 90, "texture": "#texture"},
				"up": {"uv": [8, 10.25, 9, 5], "texture": "#texture"},
				"down": {"uv": [8, 5, 9, 10.25], "rotation": 180, "texture": "#texture"}
			}
		},
		{
			"name": "door",
			"from": [13.5, 6, 7.75],
			"to": [14, 9, 8.25],
			"faces": {
				"north": {"uv": [0, 5, 3, 5.5], "rotation": 90, "texture": "#texture"},
				"south": {"uv": [0, 5, 3, 5.5], "rotation": 90, "texture": "#texture"},
				"west": {"uv": [0, 5, 3, 5.5], "rotation": 90, "texture": "#texture"},
				"up": {"uv": [8, 7, 8.5, 7.5], "rotation": 90, "texture": "#texture"},
				"down": {"uv": [8, 7, 8.5, 7.5], "rotation": 90, "texture": "#texture"}
			}
		},
		{
			"name": "door",
			"from": [2, 6, 7.75],
			"to": [2.5, 9, 8.25],
			"faces": {
				"north": {"uv": [0, 5, 3, 5.5], "rotation": 90, "texture": "#texture"},
				"east": {"uv": [0, 5, 3, 5.5], "rotation": 90, "texture": "#texture"},
				"south": {"uv": [0, 5, 3, 5.5], "rotation": 90, "texture": "#texture"},
				"up": {"uv": [8, 7, 8.5, 7.5], "rotation": 270, "texture": "#texture"},
				"down": {"uv": [8, 7, 8.5, 7.5], "rotation": 270, "texture": "#texture"}
			}
		}
	],
	"display": {
		"thirdperson_righthand": {
			"rotation": [75, 45, 0],
			"translation": [0, 2.5, 0],
			"scale": [0.375, 0.375, 0.375]
		},
		"thirdperson_lefthand": {
			"rotation": [75, 45, 0],
			"translation": [0, 2.5, 0],
			"scale": [0.375, 0.375, 0.375]
		},
		"firstperson_righthand": {
			"rotation": [0, 45, 0],
			"scale": [0.4, 0.4, 0.4]
		},
		"firstperson_lefthand": {
			"rotation": [0, 225, 0],
			"scale": [0.4, 0.4, 0.4]
		},
		"ground": {
			"translation": [0, 3, 0],
			"scale": [0.25, 0.25, 0.25]
		},
		"gui": {
			"rotation": [30, 225, 0],
			"scale": [0.625, 0.625, 0.625]
		},
		"head": {
			"translation": [0, -3, -6]
		},
		"fixed": {
			"scale": [0.5, 0.5, 0.5]
		}
	}
}