{
	"credit": "Made with Blockbench",
	"parent": "block/block",
	"textures": {
		"p": "block/azalea_plant",
		"particle": "block/azalea_plant"
	},
	"elements": [
		{
			"from": [0, 16, 0],
			"to": [16, 16, 16],
			"faces": {
				"up": {"uv": [0, 0, 16, 16], "texture": "#t", "cullface": "up"},
				"down": {"uv": [0, 16, 16, 0], "texture": "#t", "cullface": "up"}
			}
		},
		{
			"from": [0, -0.6, -1.25],
			"to": [16, 9.4, -1.25],
			"rotation": {"angle": 22.5, "axis": "x", "origin": [8, 8, 8]},
			"faces": {
				"north": {"uv": [0, 6, 16, 16], "texture": "#s"},
				"south": {"uv": [16, 6, 0, 16], "texture": "#s"}
			}
		},
		{
			"from": [0, -4, 0.6],
			"to": [16, 5, 0.6],
			"rotation": {"angle": 22.5, "axis": "x", "origin": [8, 8, 8]},
			"faces": {
				"north": {"uv": [0, 7, 16, 16], "texture": "#s"},
				"south": {"uv": [16, 7, 0, 16], "texture": "#s"}
			}
		},
		{
			"from": [0, -0.6, 17.25],
			"to": [16, 9.4, 17.25],
			"rotation": {"angle": -22.5, "axis": "x", "origin": [8, 8, 8]},
			"faces": {
				"north": {"uv": [16, 6, 0, 16], "texture": "#s"},
				"south": {"uv": [0, 6, 16, 16], "texture": "#s"}
			}
		},
		{
			"from": [0, -4, 15.4],
			"to": [16, 5, 15.4],
			"rotation": {"angle": -22.5, "axis": "x", "origin": [8, 8, 8]},
			"faces": {
				"north": {"uv": [16, 7, 0, 16], "texture": "#s"},
				"south": {"uv": [0, 7, 16, 16], "texture": "#s"}
			}
		},
		{
			"from": [-1.25, -0.6, 0],
			"to": [-1.25, 9.4, 16],
			"rotation": {"angle": -22.5, "axis": "z", "origin": [8, 8, 8]},
			"faces": {
				"east": {"uv": [16, 6, 0, 16], "texture": "#s"},
				"west": {"uv": [0, 6, 16, 16], "texture": "#s"}
			}
		},
		{
			"from": [0.6, -4, 0],
			"to": [0.6, 5, 16],
			"rotation": {"angle": -22.5, "axis": "z", "origin": [8, 8, 8]},
			"faces": {
				"east": {"uv": [16, 7, 0, 16], "texture": "#s"},
				"west": {"uv": [0, 7, 16, 16], "texture": "#s"}
			}
		},
		{
			"from": [17.25, -0.6, 0],
			"to": [17.25, 9.4, 16],
			"rotation": {"angle": 22.5, "axis": "z", "origin": [8, 8, 8]},
			"faces": {
				"east": {"uv": [0, 6, 16, 16], "texture": "#s"},
				"west": {"uv": [16, 6, 0, 16], "texture": "#s"}
			}
		},
		{
			"from": [15.4, -4, 0],
			"to": [15.4, 5, 16],
			"rotation": {"angle": 22.5, "axis": "z", "origin": [8, 8, 8]},
			"faces": {
				"east": {"uv": [0, 7, 16, 16], "texture": "#s"},
				"west": {"uv": [16, 7, 0, 16], "texture": "#s"}
			}
		},
		{
			"from": [0, 8, 16],
			"to": [16, 16, 16],
			"faces": {
				"north": {"uv": [16, 0, 0, 8], "texture": "#s", "cullface": "south"},
				"south": {"uv": [0, 0, 16, 8], "texture": "#s", "cullface": "south"}
			}
		},
		{
			"from": [0, 8, 0],
			"to": [0, 16, 16],
			"faces": {
				"east": {"uv": [16, 0, 0, 8], "texture": "#s", "cullface": "west"},
				"west": {"uv": [0, 0, 16, 8], "texture": "#s", "cullface": "west"}
			}
		},
		{
			"from": [0, 8, 0],
			"to": [16, 16, 0],
			"faces": {
				"north": {"uv": [0, 0, 16, 8], "texture": "#s", "cullface": "north"},
				"south": {"uv": [16, 0, 0, 8], "texture": "#s", "cullface": "north"}
			}
		},
		{
			"from": [16, 8, 0],
			"to": [16, 16, 16],
			"faces": {
				"east": {"uv": [0, 0, 16, 8], "texture": "#s", "cullface": "east"},
				"west": {"uv": [16, 0, 0, 8], "texture": "#s", "cullface": "east"}
			}
		},
		{
			"from": [0.1, 0, 8],
			"to": [15.9, 15.9, 8],
			"rotation": {"angle": 45, "axis": "y", "origin": [8, 8, 8], "rescale": true},
			"faces": {
				"north": {"uv": [0, 0, 16, 16], "texture": "#p"},
				"south": {"uv": [0, 0, 16, 16], "texture": "#p"}
			}
		},
		{
			"from": [8, 0, 0.1],
			"to": [8, 15.9, 15.9],
			"rotation": {"angle": 45, "axis": "y", "origin": [8, 8, 8], "rescale": true},
			"faces": {
				"east": {"uv": [0, 0, 16, 16], "texture": "#p"},
				"west": {"uv": [0, 0, 16, 16], "texture": "#p"}
			}
		}
	]
}