{
	"multipart": [
		{"apply": {"model": "block/azalea_leaves"}},
		{"apply": [
			{"model": "block/bushy_azalea_leaves"},
			{"model": "block/bushy_azalea_leaves_alt"},
			{"model": "block/bushy_azalea_leaves", "y": 90},
			{"model": "block/bushy_azalea_leaves_alt", "y": 90},
			{"model": "block/bushy_azalea_leaves", "y": 180},
			{"model": "block/bushy_azalea_leaves_alt", "y": 180},
			{"model": "block/bushy_azalea_leaves", "y": 270},
			{"model": "block/bushy_azalea_leaves_alt", "y": 270}]
		},
		{"apply": [
			{"model": "block/bushy_azalea_leaves_alt", "y": 90},
			{"model": "block/bushy_azalea_leaves", "y": 90},
			{"model": "block/bushy_azalea_leaves"},
			{"model": "block/bushy_azalea_leaves_alt"},
			{"model": "block/bushy_azalea_leaves_alt", "y": 270},
			{"model": "block/bushy_azalea_leaves", "y": 270},
			{"model": "block/bushy_azalea_leaves", "y": 180},
			{"model": "block/bushy_azalea_leaves_alt", "y": 180}]
		}
	]
}