{
	"multipart": [
		{"apply": {"model": "block/azure_bluet"}},
		{"apply": {"model": "block/azure_bluet_exts"}},
		{"apply": [
			{"model": "block/butterfly"},
			{"model": "block/butterfly", "y": 90},
			{"model": "block/butterfly", "y": 180},
			{"model": "block/butterfly", "y": 270},
			{"model": "block/butterfly_reversed"},
			{"model": "block/butterfly_reversed", "y": 90},
			{"model": "block/butterfly_reversed", "y": 180},
			{"model": "block/butterfly_reversed", "y": 270},
			{"model": "block/air", "weight": 60}]}
	]
}