{
	"multipart": [
		{"when": {"axis": "x"}, "apply": {"model": "block/birch_log_horizontal", "x": 90, "y": 90}},
		{"when": {"axis": "x"}, "apply": [
			{"model": "block/log_mushroom_horizontal", "y": 90},
			{"model": "block/log_mushroom_horizontal_1", "y": 270},
			{"model": "block/air", "weight": 51}]
		},
		{"when": {"axis": "y"}, "apply": {"model": "block/birch_log"}},
		{"when": {"axis": "y"}, "apply": [
			{"model": "block/log_mushroom"},
			{"model": "block/log_mushroom", "y": 90},
			{"model": "block/log_mushroom", "y": 180},
			{"model": "block/log_mushroom", "y": 270},
			{"model": "block/log_mushroom_1"},
			{"model": "block/log_mushroom_1", "y": 90},
			{"model": "block/log_mushroom_1", "y": 180},
			{"model": "block/log_mushroom_1", "y": 270},
			{"model": "block/log_mushroom_2"},
			{"model": "block/log_mushroom_2", "y": 90},
			{"model": "block/log_mushroom_2", "y": 180},
			{"model": "block/log_mushroom_2", "y": 270},
			{"model": "block/log_mushroom_3"},
			{"model": "block/log_mushroom_3", "y": 90},
			{"model": "block/log_mushroom_3", "y": 180},
			{"model": "block/log_mushroom_3", "y": 270},
			{"model": "block/log_mushroom_4"},
			{"model": "block/log_mushroom_4", "y": 90},
			{"model": "block/log_mushroom_4", "y": 180},
			{"model": "block/log_mushroom_4", "y": 270},
			{"model": "block/log_mushroom_5"},
			{"model": "block/log_mushroom_5", "y": 90},
			{"model": "block/log_mushroom_5", "y": 180},
			{"model": "block/log_mushroom_5", "y": 270},
			{"model": "block/log_mushroom_6"},
			{"model": "block/log_mushroom_6", "y": 90},
			{"model": "block/log_mushroom_6", "y": 180},
			{"model": "block/log_mushroom_6", "y": 270},
			{"model": "block/log_mushroom_7"},
			{"model": "block/log_mushroom_7", "y": 90},
			{"model": "block/log_mushroom_7", "y": 180},
			{"model": "block/log_mushroom_7", "y": 270},
			{"model": "block/air", "weight": 314}]
		},
		{"when": {"axis": "y"}, "apply": [
			{"model": "block/ladybug"},
			{"model": "block/ladybug", "y": 90},
			{"model": "block/ladybug", "y": 180},
			{"model": "block/ladybug", "y": 270},
			{"model": "block/ladybug", "x": 180},
			{"model": "block/ladybug", "x": 180, "y": 90},
			{"model": "block/ladybug", "x": 180, "y": 180},
			{"model": "block/ladybug", "x": 180, "y": 270},
			{"model": "block/air", "weight": 75}]
		},
		{"when": {"axis": "z"}, "apply": {"model": "block/birch_log", "x": 90}},
		{"when": {"axis": "z"}, "apply": [
			{"model": "block/log_mushroom_horizontal"},
			{"model": "block/log_mushroom_horizontal_1", "y": 180},
			{"model": "block/air", "weight": 51}]
		}
	]
}