{
	"multipart": [
		{"apply": {"model": "block/cherry_leaves"}},
		{"apply": [
			{"model": "block/ext_cherry_leaves1"},
			{"model": "block/ext_cherry_leaves2"},
			{"model": "block/ext_cherry_leaves1", "y": 90},
			{"model": "block/ext_cherry_leaves2", "y": 90},
			{"model": "block/ext_cherry_leaves1", "y": 180},
			{"model": "block/ext_cherry_leaves2", "y": 180},
			{"model": "block/ext_cherry_leaves1", "y": 270},
			{"model": "block/ext_cherry_leaves2", "y": 270}]
		},
		{"apply": [
			{"model": "block/ext_cherry_leaves2", "y": 90},
			{"model": "block/ext_cherry_leaves1", "y": 90},
			{"model": "block/ext_cherry_leaves1"},
			{"model": "block/ext_cherry_leaves2"},
			{"model": "block/ext_cherry_leaves2", "y": 270},
			{"model": "block/ext_cherry_leaves1", "y": 270},
			{"model": "block/ext_cherry_leaves1", "y": 180},
			{"model": "block/ext_cherry_leaves2", "y": 180}]
		},
		{"apply": [
			{"model": "block/air", "weight": 8},
			{"model": "block/leaves_inner_branch"},
			{"model": "block/leaves_inner_branch", "y": 90},
			{"model": "block/leaves_inner_branch", "y": 180},
			{"model": "block/leaves_inner_branch", "y": 270}]
		},
		{"apply": [
			{"model": "block/air", "weight": 8},
			{"model": "block/leaves_inner_branch", "y": 90},
			{"model": "block/leaves_inner_branch", "y": 180},
			{"model": "block/leaves_inner_branch", "y": 270},
			{"model": "block/leaves_inner_branch"}]
		},
		{"apply": [
			{"model": "block/air", "weight": 16},
			{"model": "block/leaves_inner_branch", "y": 180},
			{"model": "block/leaves_inner_branch", "y": 270},
			{"model": "block/leaves_inner_branch"},
			{"model": "block/leaves_inner_branch", "y": 90}]
		},
		{"apply": [
			{"model": "block/air", "weight": 32},
			{"model": "block/leaves_inner_branch", "y": 270},
			{"model": "block/leaves_inner_branch"},
			{"model": "block/leaves_inner_branch", "y": 90},
			{"model": "block/leaves_inner_branch", "y": 180}]
		},
		{"apply": [
			{"model": "block/vertical_butterfly"},
			{"model": "block/vertical_butterfly", "y": 90},
			{"model": "block/vertical_butterfly", "y": 180},
			{"model": "block/vertical_butterfly", "y": 270},
			{"model": "block/vertical_butterfly_reversed"},
			{"model": "block/vertical_butterfly_reversed", "y": 90},
			{"model": "block/vertical_butterfly_reversed", "y": 180},
			{"model": "block/vertical_butterfly_reversed", "y": 270},
			{"model": "block/air", "weight": 400}]
		},
		{"apply": [
			{"model": "block/bird_nest"},
			{"model": "block/bird_nest_w_egg"},
			{"model": "block/air", "weight": 512}]
		}
	]
}