{
	"multipart": [
		{"apply": {"model": "block/cherry_sapling"}},
		{"when": {"stage": "1"}, "apply": [
			{"model": "block/vertical_butterfly"},
			{"model": "block/vertical_butterfly", "y": 90},
			{"model": "block/vertical_butterfly", "y": 180},
			{"model": "block/vertical_butterfly", "y": 270},
			{"model": "block/vertical_butterfly_reversed"},
			{"model": "block/vertical_butterfly_reversed", "y": 90},
			{"model": "block/vertical_butterfly_reversed", "y": 180},
			{"model": "block/vertical_butterfly_reversed", "y": 270},
			{"model": "block/air", "weight": 60}]}
	]
}