{
	"multipart": [
		{"apply": {"model": "block/flowering_azalea_leaves"}},
		{"apply": [
			{"model": "block/ext_flowering_azalea_leaves1"},
			{"model": "block/ext_flowering_azalea_leaves2"},
			{"model": "block/ext_flowering_azalea_leaves1", "y": 90},
			{"model": "block/ext_flowering_azalea_leaves2", "y": 90},
			{"model": "block/ext_flowering_azalea_leaves1", "y": 180},
			{"model": "block/ext_flowering_azalea_leaves2", "y": 180},
			{"model": "block/ext_flowering_azalea_leaves1", "y": 270},
			{"model": "block/ext_flowering_azalea_leaves2", "y": 270}]
		},
		{"apply": [
			{"model": "block/ext_flowering_azalea_leaves2", "y": 90},
			{"model": "block/ext_flowering_azalea_leaves1", "y": 90},
			{"model": "block/ext_flowering_azalea_leaves1"},
			{"model": "block/ext_flowering_azalea_leaves2"},
			{"model": "block/ext_flowering_azalea_leaves2", "y": 270},
			{"model": "block/ext_flowering_azalea_leaves1", "y": 270},
			{"model": "block/ext_flowering_azalea_leaves1", "y": 180},
			{"model": "block/ext_flowering_azalea_leaves2", "y": 180}]
		},
		{"apply": [
			{"model": "block/leaves_inner_branch"},
			{"model": "block/leaves_inner_branch", "y": 90},
			{"model": "block/leaves_inner_branch", "y": 180},
			{"model": "block/leaves_inner_branch", "y": 270},
			{"model": "block/air", "weight": 8}]
		},
		{"apply": [
			{"model": "block/leaves_inner_branch", "y": 90},
			{"model": "block/leaves_inner_branch", "y": 180},
			{"model": "block/leaves_inner_branch", "y": 270},
			{"model": "block/leaves_inner_branch"},
			{"model": "block/air", "weight": 8}]
		},
		{"apply": [
			{"model": "block/leaves_inner_branch", "y": 180},
			{"model": "block/leaves_inner_branch", "y": 270},
			{"model": "block/leaves_inner_branch"},
			{"model": "block/leaves_inner_branch", "y": 90},
			{"model": "block/air", "weight": 16}]
		},
		{"apply": [
			{"model": "block/leaves_inner_branch", "y": 270},
			{"model": "block/leaves_inner_branch"},
			{"model": "block/leaves_inner_branch", "y": 90},
			{"model": "block/leaves_inner_branch", "y": 180},
			{"model": "block/air", "weight": 32}]
		},
		{"apply": [
			{"model": "block/bird_nest", "weight": 6},
			{"model": "block/bird_nest_w_egg"},
			{"model": "block/air", "weight": 420}]
		},
		{"apply": [
			{"model": "block/vertical_butterfly"},
			{"model": "block/vertical_butterfly", "y": 90},
			{"model": "block/vertical_butterfly", "y": 180},
			{"model": "block/vertical_butterfly", "y": 270},
			{"model": "block/vertical_butterfly_reversed"},
			{"model": "block/vertical_butterfly_reversed", "y": 90},
			{"model": "block/vertical_butterfly_reversed", "y": 180},
			{"model": "block/vertical_butterfly_reversed", "y": 270},
			{"model": "block/air", "weight": 20}]
		}
	]
}