{
	"multipart": [
		{"apply": {"model": "block/gravel"}},
		{"apply": [
			{"model": "block/air", "weight": 480},
			{"model": "block/flint_gravel"},
			{"model": "block/flint_gravel", "y": 90},
			{"model": "block/flint_gravel", "y": 180},
			{"model": "block/flint_gravel", "y": 270}]
		},
		{"apply": [
			{"model": "block/air", "weight": 640},
			{"model": "block/flint_gravel_1"},
			{"model": "block/flint_gravel_1", "y": 90},
			{"model": "block/flint_gravel_1", "y": 180},
			{"model": "block/flint_gravel_1", "y": 270}]
		}
	]
}