{
	"multipart": [
		{"when": {"half": "lower"}, "apply": {"model": "block/lilac_bottom"}},
		{"when": {"half": "lower"}, "apply": {"model": "block/lilac_bottom_exts"}},
		{"when": {"half": "upper"}, "apply": {"model": "block/lilac_top"}},
		{"when": {"half": "upper"}, "apply": {"model": "block/lilac_top_exts"}},
		{"when": {"half": "upper"}, "apply": [
			{"model": "block/butterfly"},
			{"model": "block/butterfly", "y": 90},
			{"model": "block/butterfly", "y": 180},
			{"model": "block/butterfly", "y": 270},
			{"model": "block/butterfly_reversed"},
			{"model": "block/butterfly_reversed", "y": 90},
			{"model": "block/butterfly_reversed", "y": 180},
			{"model": "block/butterfly_reversed", "y": 270},
			{"model": "block/air", "weight": 60}]}
	]
}