{
	"multipart": [
		{"apply": {"model": "block/mud"}},
		{"apply": [
			{"model": "block/air", "weight": 120},
			{"model": "block/mangrove_stick"},
			{"model": "block/mangrove_stick", "y": 90},
			{"model": "block/mangrove_stick", "y": 180},
			{"model": "block/mangrove_stick", "y": 270}]
		},
		{"apply": [
			{"model": "block/air", "weight": 1554},
			{"model": "block/mud_hole_unoccupied"},
			{"model": "block/mud_hole_unoccupied", "y": 90},
			{"model": "block/mud_hole_unoccupied", "y": 180},
			{"model": "block/mud_hole_unoccupied", "y": 270},
			{"model": "block/mud_hole_occupied"},
			{"model": "block/mud_hole_occupied", "y": 90},
			{"model": "block/mud_hole_occupied", "y": 180},
			{"model": "block/mud_hole_occupied", "y": 270},
			{"model": "block/mud_hole_occupied_1"},
			{"model": "block/mud_hole_occupied_1", "y": 90},
			{"model": "block/mud_hole_occupied_1", "y": 180},
			{"model": "block/mud_hole_occupied_1", "y": 270}]
		}
	]
}