{
	"multipart": [
		{"apply": {"model": "block/oak_leaves"}},
		{"apply": [
			{"model": "block/ext_oak_leaves1"},
			{"model": "block/ext_oak_leaves2"},
			{"model": "block/ext_oak_leaves1", "y": 90},
			{"model": "block/ext_oak_leaves2", "y": 90},
			{"model": "block/ext_oak_leaves1", "y": 180},
			{"model": "block/ext_oak_leaves2", "y": 180},
			{"model": "block/ext_oak_leaves1", "y": 270},
			{"model": "block/ext_oak_leaves2", "y": 270}]
		},
		{"apply": [
			{"model": "block/ext_oak_leaves2", "y": 90},
			{"model": "block/ext_oak_leaves1", "y": 90},
			{"model": "block/ext_oak_leaves1"},
			{"model": "block/ext_oak_leaves2"},
			{"model": "block/ext_oak_leaves2", "y": 270},
			{"model": "block/ext_oak_leaves1", "y": 270},
			{"model": "block/ext_oak_leaves1", "y": 180},
			{"model": "block/ext_oak_leaves2", "y": 180}]
		},
		{"apply": [
			{"model": "block/air", "weight": 8},
			{"model": "block/leaves_inner_branch"},
			{"model": "block/leaves_inner_branch", "y": 90},
			{"model": "block/leaves_inner_branch", "y": 180},
			{"model": "block/leaves_inner_branch", "y": 270}]
		},
		{"apply": [
			{"model": "block/air", "weight": 8},
			{"model": "block/leaves_inner_branch", "y": 90},
			{"model": "block/leaves_inner_branch", "y": 180},
			{"model": "block/leaves_inner_branch", "y": 270},
			{"model": "block/leaves_inner_branch"}]
		},
		{"apply": [
			{"model": "block/air", "weight": 16},
			{"model": "block/leaves_inner_branch", "y": 180},
			{"model": "block/leaves_inner_branch", "y": 270},
			{"model": "block/leaves_inner_branch"},
			{"model": "block/leaves_inner_branch", "y": 90}]
		},
		{"apply": [
			{"model": "block/air", "weight": 32},
			{"model": "block/leaves_inner_branch", "y": 270},
			{"model": "block/leaves_inner_branch"},
			{"model": "block/leaves_inner_branch", "y": 90},
			{"model": "block/leaves_inner_branch", "y": 180}]
		},
		{"apply": [
			{"model": "block/air", "weight": 996},
			{"model": "block/bird_nest", "weight": 6},
			{"model": "block/bird_nest_w_egg"}]
		}
	]
}