{
	"multipart": [
		{"apply": {"model": "block/red_mushroom"}},
		{"apply": {"model": "block/red_mushroom_exts"}},
		{"apply": [
			{"model": "block/sub_red_mushroom"},
			{"model": "block/air", "weight": 2}]
		},
		{"apply": [
			{"model": "block/sub_red_mushroom", "y": 90},
			{"model": "block/air", "weight": 3}]
		},
		{"apply": [
			{"model": "block/sub_red_mushroom", "y": 180},
			{"model": "block/air", "weight": 4}]
		},
		{"apply": [
			{"model": "block/sub_red_mushroom", "y": 270},
			{"model": "block/air", "weight": 5}]
		}
	]
}