{
	"multipart": [
		{"apply": {"model": "block/red_tulip"}},
		{"apply": {"model": "block/red_tulip_exts"}},
		{"apply": [
			{"model": "block/sub_red_tulip"},
			{"model": "block/air", "weight": 2}]
		},
		{"apply": [
			{"model": "block/sub_red_tulip", "y": 90},
			{"model": "block/air", "weight": 3}]
		},
		{"apply": [
			{"model": "block/sub_red_tulip", "y": 180},
			{"model": "block/air", "weight": 4}]
		},
		{"apply": [
			{"model": "block/sub_red_tulip", "y": 270},
			{"model": "block/air", "weight": 5}]
		},
		{"apply": [
			{"model": "block/butterfly"},
			{"model": "block/butterfly", "y": 90},
			{"model": "block/butterfly", "y": 180},
			{"model": "block/butterfly", "y": 270},
			{"model": "block/butterfly_reversed"},
			{"model": "block/butterfly_reversed", "y": 90},
			{"model": "block/butterfly_reversed", "y": 180},
			{"model": "block/butterfly_reversed", "y": 270},
			{"model": "block/air", "weight": 60}]}
	]
}