{
	"multipart": [
		{"apply": [
			{"model": "block/sand"},
			{"model": "block/sand", "y": 90},
			{"model": "block/sand", "y": 180},
			{"model": "block/sand", "y": 270}]
		},
		{"apply": [
			{"model": "block/air", "weight": 4220},
			{"model": "block/sand_hole_unoccupied"},
			{"model": "block/sand_hole_unoccupied", "y": 90},
			{"model": "block/sand_hole_unoccupied", "y": 180},
			{"model": "block/sand_hole_unoccupied", "y": 270},
			{"model": "block/sand_hole_occupied"},
			{"model": "block/sand_hole_occupied", "y": 90},
			{"model": "block/sand_hole_occupied", "y": 180},
			{"model": "block/sand_hole_occupied", "y": 270},
			{"model": "block/sand_hole_occupied_1"},
			{"model": "block/sand_hole_occupied_1", "y": 90},
			{"model": "block/sand_hole_occupied_1", "y": 180},
			{"model": "block/sand_hole_occupied_1", "y": 270}]
		}
	]
}