{
	"multipart": [
		{"apply": {"model": "block/warped_fungus"}},
		{"apply": {"model": "block/warped_fungus_exts"}},
		{"apply": [
			{"model": "block/sub_warped_fungus"},
			{"model": "block/air", "weight": 2}]
		},
		{"apply": [
			{"model": "block/sub_warped_fungus", "y": 90},
			{"model": "block/air", "weight": 3}]
		},
		{"apply": [
			{"model": "block/sub_warped_fungus", "y": 180},
			{"model": "block/air", "weight": 4}]
		},
		{"apply": [
			{"model": "block/sub_warped_fungus", "y": 270},
			{"model": "block/air", "weight": 5}]
		}
	]
}