{
	"credit": "Made with Blockbench",
	"parent": "block/block",
	"textures": {
		"0": "block/stone",
		"t": "block/dirt_path_top",
        "s": "block/dirt_path_side",
        "b": "block/dirt",
		"particle": "block/dirt"
	},
	"elements": [
		{   "from": [ 0, 0, 0 ],
            "to": [ 16, 15, 16 ],
            "faces": {
                "down":  { "uv": [ 0, 0, 16, 16 ], "texture": "#b", "cullface": "down" },
                "up":    { "uv": [ 0, 0, 16, 16 ], "texture": "#t" },
                "north": { "uv": [ 0, 1, 16, 16 ], "texture": "#s", "cullface": "north" },
                "south": { "uv": [ 0, 1, 16, 16 ], "texture": "#s", "cullface": "south" },
                "west":  { "uv": [ 0, 1, 16, 16 ], "texture": "#s", "cullface": "west" },
                "east":  { "uv": [ 0, 1, 16, 16 ], "texture": "#s", "cullface": "east" }
            }
        },
		{
			"from": [11, 15, 4],
			"to": [15, 15.85, 7],
			"faces": {
				"north": {"uv": [11, 4, 15, 5], "texture": "#0"},
				"east": {"uv": [14, 4, 15, 7], "rotation": 270, "texture": "#0"},
				"south": {"uv": [11, 6, 15, 7], "texture": "#0"},
				"west": {"uv": [11, 4, 12, 7], "rotation": 90, "texture": "#0"},
				"up": {"uv": [11, 4, 15, 7], "texture": "#0"}
			}
		},
		{
			"from": [3, 15, 12],
			"to": [5, 15.85, 15],
			"faces": {
				"north": {"uv": [3, 12, 5, 13], "texture": "#0"},
				"east": {"uv": [4, 12, 5, 15], "rotation": 270, "texture": "#0"},
				"south": {"uv": [3, 13, 5, 14], "texture": "#0"},
				"west": {"uv": [3, 12, 4, 15], "rotation": 90, "texture": "#0"},
				"up": {"uv": [3, 12, 5, 15], "texture": "#0"}
			}
		}
	]
}