{
	"credit": "Made with Blockbench",
	"parent": "block/block",
	"textures": {
		"0": "block/stone",
		"t": "block/dirt_path_top",
        "s": "block/dirt_path_side",
        "b": "block/dirt",
		"particle": "block/dirt"
	},
	"elements": [
		{   "from": [ 0, 0, 0 ],
            "to": [ 16, 15, 16 ],
            "faces": {
                "down":  { "uv": [ 0, 0, 16, 16 ], "texture": "#b", "cullface": "down" },
                "up":    { "uv": [ 0, 0, 16, 16 ], "texture": "#t" },
                "north": { "uv": [ 0, 1, 16, 16 ], "texture": "#s", "cullface": "north" },
                "south": { "uv": [ 0, 1, 16, 16 ], "texture": "#s", "cullface": "south" },
                "west":  { "uv": [ 0, 1, 16, 16 ], "texture": "#s", "cullface": "west" },
                "east":  { "uv": [ 0, 1, 16, 16 ], "texture": "#s", "cullface": "east" }
            }
        },
		{
			"from": [1, 15, 4],
			"to": [6, 15.5, 9],
			"faces": {
				"north": {"uv": [1, 4, 6, 5], "texture": "#0"},
				"east": {"uv": [5, 4, 6, 9], "rotation": 270, "texture": "#0"},
				"south": {"uv": [1, 8, 6, 9], "texture": "#0"},
				"west": {"uv": [1, 4, 2, 9], "rotation": 90, "texture": "#0"},
				"up": {"uv": [1, 4, 6, 9], "texture": "#0"}
			}
		},
		{
			"from": [9, 15, 10],
			"to": [13, 15.5, 14],
			"faces": {
				"north": {"uv": [9, 10, 13, 11], "texture": "#0"},
				"east": {"uv": [12, 10, 13, 14], "rotation": 270, "texture": "#0"},
				"south": {"uv": [9, 13, 13, 14], "texture": "#0"},
				"west": {"uv": [9, 10, 10, 14], "rotation": 90, "texture": "#0"},
				"up": {"uv": [9, 10, 13, 14], "texture": "#0"}
			}
		},
		{
			"from": [8, 15, 2],
			"to": [10, 15.5, 4],
			"faces": {
				"north": {"uv": [8, 2, 10, 3], "texture": "#0"},
				"east": {"uv": [9, 2, 10, 4], "rotation": 270, "texture": "#0"},
				"south": {"uv": [8, 3, 10, 4], "texture": "#0"},
				"west": {"uv": [8, 2, 9, 4], "rotation": 90, "texture": "#0"},
				"up": {"uv": [8, 2, 10, 4], "texture": "#0"}
			}
		}
	]
}