{
	"credit": "Made with Blockbench",
	"parent": "block/block",
	"textures": {
		"particle": "#0"
	},
	"elements": [
		{
			"from": [11, -6, 8],
			"to": [18, -4, 8],
			"shade": false,
			"rotation": {"angle": -22.5, "axis": "y", "origin": [8, 8, 8]},
			"faces": {
				"north": {"uv": [13, 0, 6, 2], "texture": "#0", "cullface": "down", "tintindex": 0},
				"south": {"uv": [6, 0, 13, 2], "texture": "#0", "cullface": "down", "tintindex": 0}
			}
		},
		{
			"from": [-5, -4, 8],
			"to": [11, 12, 8],
			"shade": false,
			"rotation": {"angle": -22.5, "axis": "y", "origin": [8, 8, 8]},
			"faces": {
				"north": {"uv": [16, 0, 0, 16], "texture": "#0", "tintindex": 0},
				"south": {"uv": [0, 0, 16, 16], "texture": "#0", "tintindex": 0}
			}
		},
		{
			"from": [-8, -2, 8],
			"to": [-5, 8, 8],
			"shade": false,
			"rotation": {"angle": -22.5, "axis": "y", "origin": [8, 8, 8]},
			"faces": {
				"north": {"uv": [16, 4, 13, 14], "texture": "#0", "cullface": "west", "tintindex": 0},
				"south": {"uv": [13, 4, 16, 14], "texture": "#0", "cullface": "west", "tintindex": 0}
			}
		},
		{
			"from": [21, 13, 8],
			"to": [23, 17, 8],
			"shade": false,
			"rotation": {"angle": -22.5, "axis": "y", "origin": [8, 8, 8]},
			"faces": {
				"north": {"uv": [12, 11, 10, 15], "texture": "#0", "cullface": "east", "tintindex": 0},
				"south": {"uv": [10, 11, 12, 15], "texture": "#0", "cullface": "east", "tintindex": 0}
			}
		},
		{
			"from": [-7, 12, 8],
			"to": [-5, 15, 8],
			"shade": false,
			"rotation": {"angle": -22.5, "axis": "y", "origin": [8, 8, 8]},
			"faces": {
				"north": {"uv": [0, 13, 2, 16], "texture": "#0", "cullface": "west", "tintindex": 0},
				"south": {"uv": [14, 13, 16, 16], "texture": "#0", "cullface": "west", "tintindex": 0}
			}
		},
		{
			"from": [21, -1, 8],
			"to": [24, 10, 8],
			"shade": false,
			"rotation": {"angle": -22.5, "axis": "y", "origin": [8, 8, 8]},
			"faces": {
				"north": {"uv": [13, 2, 10, 13], "texture": "#0", "cullface": "east", "tintindex": 0},
				"south": {"uv": [10, 2, 13, 13], "texture": "#0", "cullface": "east", "tintindex": 0}
			}
		},
		{
			"from": [-5, 12, 8],
			"to": [11, 20, 8],
			"shade": false,
			"rotation": {"angle": -22.5, "axis": "y", "origin": [8, 8, 8]},
			"faces": {
				"north": {"uv": [16, 8, 0, 16], "texture": "#0", "tintindex": 0},
				"south": {"uv": [0, 8, 16, 16], "texture": "#0", "tintindex": 0}
			}
		},
		{
			"from": [11, -4, 8],
			"to": [21, 12, 8],
			"shade": false,
			"rotation": {"angle": -22.5, "axis": "y", "origin": [8, 8, 8]},
			"faces": {
				"north": {"uv": [10, 0, 0, 16], "texture": "#0", "tintindex": 0},
				"south": {"uv": [0, 0, 10, 16], "texture": "#0", "tintindex": 0}
			}
		},
		{
			"from": [11, 12, 8],
			"to": [21, 20, 8],
			"shade": false,
			"rotation": {"angle": -22.5, "axis": "y", "origin": [8, 8, 8]},
			"faces": {
				"north": {"uv": [10, 8, 0, 16], "texture": "#0", "tintindex": 0},
				"south": {"uv": [0, 8, 10, 16], "texture": "#0", "tintindex": 0}
			}
		},
		{
			"from": [11, 20, 8],
			"to": [18, 22, 8],
			"shade": false,
			"rotation": {"angle": -22.5, "axis": "y", "origin": [8, 8, 8]},
			"faces": {
				"north": {"uv": [7, 6, 0, 8], "texture": "#0", "cullface": "up", "tintindex": 0},
				"south": {"uv": [0, 6, 7, 8], "texture": "#0", "cullface": "up", "tintindex": 0}
			}
		},
		{
			"from": [-2, 20, 8],
			"to": [5, 22, 8],
			"shade": false,
			"rotation": {"angle": -22.5, "axis": "y", "origin": [8, 8, 8]},
			"faces": {
				"north": {"uv": [10, 6, 3, 8], "texture": "#0", "cullface": "up", "tintindex": 0},
				"south": {"uv": [3, 6, 10, 8], "texture": "#0", "cullface": "up", "tintindex": 0}
			}
		},
		{
			"from": [-2, -6, 8],
			"to": [5, -4, 8],
			"shade": false,
			"rotation": {"angle": -22.5, "axis": "y", "origin": [8, 8, 8]},
			"faces": {
				"north": {"uv": [10, 0, 3, 2], "texture": "#0", "cullface": "down", "tintindex": 0},
				"south": {"uv": [3, 0, 10, 2], "texture": "#0", "cullface": "down", "tintindex": 0}
			}
		}
	]
}