{
	"credit": "Made with Blockbench",
	"ambientocclusion": false,
	"textures": {
		"0": "block/coal_block",
		"particle": "block/coal_block"
	},
	"elements": [
		{
			"from": [-1, 16, 10],
			"to": [2, 16.8, 13],
			"rotation": {"angle": 22.5, "axis": "y", "origin": [0, 0, 0]},
			"faces": {
				"north": {"uv": [7, 6, 10, 6.8], "texture": "#0", "cullface": "up"},
				"east": {"uv": [9.2, 6, 10, 9], "rotation": 90, "texture": "#0", "cullface": "up"},
				"south": {"uv": [7, 8.2, 10, 9], "texture": "#0", "cullface": "up"},
				"west": {"uv": [7, 6, 7.8, 9], "rotation": 90, "texture": "#0", "cullface": "up"},
				"up": {"uv": [7, 6, 10, 9], "texture": "#0", "cullface": "up"}
			}
		},
		{
			"from": [4, 19.75, 4],
			"to": [6, 20.25, 6],
			"rotation": {"angle": 22.5, "axis": "x", "origin": [0, 0, 0]},
			"faces": {
				"north": {"uv": [8, 7, 10, 7.5], "texture": "#0", "cullface": "up"},
				"east": {"uv": [9.5, 7, 10, 9], "rotation": 90, "texture": "#0", "cullface": "up"},
				"south": {"uv": [8, 8.5, 10, 9], "texture": "#0", "cullface": "up"},
				"west": {"uv": [8, 7, 8.5, 9], "rotation": 90, "texture": "#0", "cullface": "up"},
				"up": {"uv": [8, 7, 10, 9], "texture": "#0", "cullface": "up"},
				"down": {"uv": [8, 7, 10, 9], "texture": "#0", "cullface": "up"}
			}
		}
	]
}