{
	"credit": "Made with Blockbench",
	"parent": "minecraft:block/block",
	"textures": {
		"particle": "#1"
	},
	"elements": [
		{
			"name": "Center post",
			"from": [14, 0, 6],
			"to": [16, 16, 10],
			"faces": {
				"north": {"uv": [4, 0, 6, 16], "texture": "#1"},
				"east": {"uv": [6, 0, 10, 16], "texture": "#1"},
				"south": {"uv": [10, 0, 12, 16], "texture": "#1"},
				"west": {"uv": [6, 0, 10, 16], "texture": "#1"},
				"up": {"uv": [7, 6, 9, 10], "texture": "#1", "cullface": "up"}
			}
		},
		{
			"name": "Center post",
			"from": [0, 0, 6],
			"to": [2, 16, 10],
			"faces": {
				"north": {"uv": [10, 0, 12, 16], "texture": "#1"},
				"east": {"uv": [6, 0, 10, 16], "texture": "#1"},
				"south": {"uv": [4, 0, 6, 16], "texture": "#1"},
				"west": {"uv": [6, 0, 10, 16], "texture": "#1"},
				"up": {"uv": [7, 6, 9, 10], "texture": "#1", "cullface": "up"}
			}
		},
		{
			"name": "Center post",
			"from": [14, -1, 6],
			"to": [16, 0, 10],
			"faces": {
				"north": {"uv": [4, 0, 6, 1], "texture": "#1"},
				"east": {"uv": [6, 0, 10, 1], "texture": "#1"},
				"south": {"uv": [10, 0, 12, 1], "texture": "#1"},
				"west": {"uv": [6, 0, 10, 1], "texture": "#1"},
				"down": {"uv": [7, 6, 9, 10], "texture": "#1", "cullface": "down"}
			}
		},
		{
			"name": "Center post",
			"from": [0, -1, 6],
			"to": [2, 0, 10],
			"faces": {
				"north": {"uv": [10, 0, 12, 1], "texture": "#1"},
				"east": {"uv": [6, 0, 10, 1], "texture": "#1"},
				"south": {"uv": [4, 0, 6, 1], "texture": "#1"},
				"west": {"uv": [6, 0, 10, 1], "texture": "#1"},
				"down": {"uv": [7, 6, 9, 10], "texture": "#1", "cullface": "down"}
			}
		},
		{
			"name": "door",
			"from": [12.5, -1, 8],
			"to": [13.5, 15, 19],
			"faces": {
				"north": {"uv": [0, 2.5, 16, 3.5], "rotation": 270, "texture": "#0"},
				"east": {"uv": [0, 13.5, 16, 2.5], "rotation": 90, "texture": "#0"},
				"south": {"uv": [0, 2.5, 16, 3.5], "rotation": 90, "texture": "#0"},
				"west": {"uv": [0, 2.5, 16, 13.5], "rotation": 90, "texture": "#0"},
				"up": {"uv": [0, 2.5, 1, 13.5], "texture": "#0"},
				"down": {"uv": [0, 2.5, 1, 13.5], "rotation": 180, "texture": "#0"}
			}
		},
		{
			"name": "door",
			"from": [13.5, 6, 7.75],
			"to": [14, 9, 8.25],
			"faces": {
				"north": {"uv": [0, 5, 3, 5.5], "rotation": 90, "texture": "#0"},
				"south": {"uv": [0, 5, 3, 5.5], "rotation": 90, "texture": "#0"},
				"west": {"uv": [0, 5, 3, 5.5], "rotation": 90, "texture": "#0"},
				"up": {"uv": [8, 7, 8.5, 7.5], "rotation": 90, "texture": "#0"},
				"down": {"uv": [8, 7, 8.5, 7.5], "rotation": 90, "texture": "#0"}
			}
		}
	]
}