{
	"variants": {
		"": [
		{"model": "biomesoplenty:block/burning_blossom"},
		{"model": "biomesoplenty:block/burning_blossom_1"},
		{"model": "biomesoplenty:block/burning_blossom_1", "y": 90},
		{"model": "biomesoplenty:block/burning_blossom_1", "y": 180},
		{"model": "biomesoplenty:block/burning_blossom_1", "y": 270},
		{"model": "biomesoplenty:block/burning_blossom_2"},
		{"model": "biomesoplenty:block/burning_blossom_2", "y": 90},
		{"model": "biomesoplenty:block/burning_blossom_2", "y": 180},
		{"model": "biomesoplenty:block/burning_blossom_2", "y": 270},
		{"model": "biomesoplenty:block/burning_blossom_3"},
		{"model": "biomesoplenty:block/burning_blossom_3", "y": 90},
		{"model": "biomesoplenty:block/burning_blossom_3", "y": 180},
		{"model": "biomesoplenty:block/burning_blossom_3", "y": 270},
		{"model": "biomesoplenty:block/burning_blossom_4"},
		{"model": "biomesoplenty:block/burning_blossom_4", "y": 90},
		{"model": "biomesoplenty:block/burning_blossom_4", "y": 180},
		{"model": "biomesoplenty:block/burning_blossom_4", "y": 270},
		{"model": "biomesoplenty:block/burning_blossom_5"}]
	}
}