{
	"variants": {
		"": [
		{"model": "minecraft:block/cornflower"},
		{"model": "minecraft:block/cornflower_1"},
		{"model": "minecraft:block/cornflower_1", "y": 90},
		{"model": "minecraft:block/cornflower_1", "y": 180},
		{"model": "minecraft:block/cornflower_1", "y": 270},
		{"model": "minecraft:block/cornflower_2"},
		{"model": "minecraft:block/cornflower_2", "y": 90},
		{"model": "minecraft:block/cornflower_2", "y": 180},
		{"model": "minecraft:block/cornflower_2", "y": 270},
		{"model": "minecraft:block/cornflower_3"},
		{"model": "minecraft:block/cornflower_3", "y": 90},
		{"model": "minecraft:block/cornflower_3", "y": 180},
		{"model": "minecraft:block/cornflower_3", "y": 270},
		{"model": "minecraft:block/cornflower_4"},
		{"model": "minecraft:block/cornflower_4", "y": 90},
		{"model": "minecraft:block/cornflower_4", "y": 180},
		{"model": "minecraft:block/cornflower_4", "y": 270},
		{"model": "minecraft:block/cornflower_5"}]
	}
}