{
	"credit": "Made with Blockbench",
	"parent": "block/block",
	"textures": {
		"0": "block/mangrove_propagule",
		"particle": "block/mangrove_propagule"
	},
	"elements": [
		{
			"name": "leaves",
			"from": [4.5, 9, 8],
			"to": [11.5, 15, 8],
			"rotation": {"angle": -45, "axis": "y", "origin": [8, 0, 8]},
			"faces": {
				"north": {"uv": [4, 1, 11, 7], "texture": "#0"},
				"east": {"uv": [11, 6, 11, 10], "texture": "#0"},
				"south": {"uv": [4, 1, 11, 7], "texture": "#0"},
				"west": {"uv": [4, 6, 4, 11], "texture": "#0"},
				"up": {"uv": [4, 6, 11, 6], "rotation": 180, "texture": "#0"},
				"down": {"uv": [4, 11, 11, 11], "rotation": 180, "texture": "#0"}
			}
		},
		{
			"name": "leaves",
			"from": [8, 9, 4.5],
			"to": [8, 15, 11.5],
			"rotation": {"angle": -45, "axis": "y", "origin": [8, 0, 8]},
			"faces": {
				"north": {"uv": [13, 0, 13, 10], "texture": "#0"},
				"east": {"uv": [4, 1, 11, 7], "texture": "#0"},
				"south": {"uv": [11, 0, 11, 10], "texture": "#0"},
				"west": {"uv": [4, 1, 11, 7], "texture": "#0"},
				"up": {"uv": [11, 0, 13, 0], "rotation": 270, "texture": "#0"},
				"down": {"uv": [11, 10, 13, 10], "rotation": 90, "texture": "#0"}
			}
		},
		{
			"name": "leaves",
			"from": [4.5, 10, 8],
			"to": [11.5, 16, 8],
			"rotation": {"angle": 0, "axis": "y", "origin": [8, 0, 8]},
			"faces": {
				"north": {"uv": [4, 1, 11, 7], "texture": "#0"},
				"south": {"uv": [4, 1, 11, 7], "texture": "#0"}
			}
		},
		{
			"name": "leaves",
			"from": [8, 10, 4.5],
			"to": [8, 16, 11.5],
			"rotation": {"angle": 0, "axis": "y", "origin": [8, 0, 8]},
			"faces": {
				"east": {"uv": [4, 1, 11, 7], "texture": "#0"},
				"west": {"uv": [4, 1, 11, 7], "texture": "#0"}
			}
		},
		{
			"name": "hypocotyl",
			"from": [7, 0, 8],
			"to": [9, 9, 8],
			"rotation": {"angle": -45, "axis": "y", "origin": [8, 0, 8]},
			"faces": {
				"north": {"uv": [7, 7, 9, 16], "texture": "#0"},
				"east": {"uv": [11, 0, 11, 10], "texture": "#0"},
				"south": {"uv": [7, 7, 9, 16], "texture": "#0"},
				"west": {"uv": [13, 0, 13, 10], "texture": "#0"},
				"up": {"uv": [11, 0, 13, 0], "rotation": 180, "texture": "#0"},
				"down": {"uv": [11, 10, 13, 10], "rotation": 180, "texture": "#0"}
			}
		},
		{
			"name": "hypocotyl",
			"from": [7, 0, 8],
			"to": [9, 9, 8],
			"rotation": {"angle": 45, "axis": "y", "origin": [8, 0, 8]},
			"faces": {
				"north": {"uv": [7, 7, 9, 16], "texture": "#0"},
				"east": {"uv": [13, 0, 13, 10], "texture": "#0"},
				"south": {"uv": [7, 7, 9, 16], "texture": "#0"},
				"west": {"uv": [11, 0, 11, 10], "texture": "#0"},
				"up": {"uv": [11, 0, 13, 0], "texture": "#0"},
				"down": {"uv": [11, 10, 13, 10], "texture": "#0"}
			}
		},
		{
			"name": "hypocotyl",
			"from": [7, 1, 8],
			"to": [9, 10, 8],
			"rotation": {"angle": 0, "axis": "y", "origin": [8, 0, 8]},
			"faces": {
				"north": {"uv": [7, 7, 9, 16], "texture": "#0"},
				"east": {"uv": [11, 0, 11, 10], "texture": "#0"},
				"south": {"uv": [7, 7, 9, 16], "texture": "#0"},
				"west": {"uv": [13, 0, 13, 10], "texture": "#0"},
				"up": {"uv": [11, 0, 13, 0], "rotation": 180, "texture": "#0"},
				"down": {"uv": [11, 10, 13, 10], "rotation": 180, "texture": "#0"}
			}
		},
		{
			"name": "hypocotyl",
			"from": [8, 1, 7],
			"to": [8, 10, 9],
			"rotation": {"angle": 0, "axis": "y", "origin": [8, 0, 8]},
			"faces": {
				"north": {"uv": [13, 0, 13, 10], "texture": "#0"},
				"east": {"uv": [7, 7, 9, 16], "texture": "#0"},
				"south": {"uv": [11, 0, 11, 10], "texture": "#0"},
				"west": {"uv": [7, 7, 9, 16], "texture": "#0"},
				"up": {"uv": [11, 0, 13, 0], "rotation": 270, "texture": "#0"},
				"down": {"uv": [11, 10, 13, 10], "rotation": 90, "texture": "#0"}
			}
		}
	]
}