{
	"credit": "Made with Blockbench",
	"textures": {
		"0": "block/butterfly_wings",
		"1": "block/butterfly_body",
		"particle": "block/butterfly_wings"
	},
	"elements": [
		{
			"from": [7, 13.25, 10],
			"to": [8, 13.25, 16],
			"rotation": {"angle": 0, "axis": "y", "origin": [0, 3, 7]},
			"faces": {
				"up": {"uv": [15, 11, 16, 16], "texture": "#1"},
				"down": {"uv": [15, 11, 16, 16], "texture": "#1"}
			}
		},
		{
			"from": [6, 13, 6],
			"to": [9, 13, 9],
			"rotation": {"angle": 22.5, "axis": "x", "origin": [8, 10, 10]},
			"faces": {
				"up": {"uv": [0, 0, 3, 2.5], "texture": "#1"},
				"down": {"uv": [0, 0, 3, 2.5], "rotation": 180, "texture": "#1"}
			}
		},
		{
			"from": [2.6, 13.5, 7],
			"to": [9.6, 13.5, 18],
			"rotation": {"angle": -45, "axis": "z", "origin": [8, 16.5, 12]},
			"faces": {
				"up": {"uv": [0, 0, 5.5, 8], "texture": "#0"},
				"down": {"uv": [0, 8, 5.5, 0], "texture": "#0"}
			}
		},
		{
			"from": [5.4, 13.5, 7],
			"to": [12.4, 13.5, 18],
			"rotation": {"angle": 45, "axis": "z", "origin": [7, 16.5, 14]},
			"faces": {
				"up": {"uv": [0, 8, 5.5, 0], "rotation": 180, "texture": "#0"},
				"down": {"uv": [0, 0, 5.5, 8], "rotation": 180, "texture": "#0"}
			}
		},
		{
			"from": [-0.75, 12.75, 7],
			"to": [6.25, 12.75, 18],
			"rotation": {"angle": -22.5, "axis": "z", "origin": [8, 11, 12]},
			"faces": {
				"up": {"uv": [5.5, 0, 11, 8], "texture": "#0"},
				"down": {"uv": [5.5, 8, 11, 0], "texture": "#0"}
			}
		},
		{
			"from": [8.75, 12.75, 7],
			"to": [15.75, 12.75, 18],
			"rotation": {"angle": 22.5, "axis": "z", "origin": [7, 11, 14]},
			"faces": {
				"up": {"uv": [5.5, 8, 11, 0], "rotation": 180, "texture": "#0"},
				"down": {"uv": [5.5, 0, 11, 8], "rotation": 180, "texture": "#0"}
			}
		},
		{
			"from": [0, 13.25, 7],
			"to": [7, 13.25, 18],
			"rotation": {"angle": 0, "axis": "z", "origin": [8, 11, 12]},
			"faces": {
				"up": {"uv": [0, 8, 5.5, 16], "texture": "#0"},
				"down": {"uv": [0, 16, 5.5, 8], "texture": "#0"}
			}
		},
		{
			"from": [8, 13.25, 7],
			"to": [15, 13.25, 18],
			"rotation": {"angle": 0, "axis": "z", "origin": [7, 11, 14]},
			"faces": {
				"up": {"uv": [0, 16, 5.5, 8], "rotation": 180, "texture": "#0"},
				"down": {"uv": [0, 8, 5.5, 16], "rotation": 180, "texture": "#0"}
			}
		},
		{
			"from": [-1.15, 13.9, 7],
			"to": [5.85, 13.9, 18],
			"rotation": {"angle": 22.5, "axis": "z", "origin": [8, 16.5, 12]},
			"faces": {
				"up": {"uv": [6, 8, 11.5, 16], "texture": "#0"},
				"down": {"uv": [6, 16, 11.5, 8], "texture": "#0"}
			}
		},
		{
			"from": [9.15, 13.9, 7],
			"to": [16.15, 13.9, 18],
			"rotation": {"angle": -22.5, "axis": "z", "origin": [7, 16.5, 14]},
			"faces": {
				"up": {"uv": [6, 16, 11.5, 8], "rotation": 180, "texture": "#0"},
				"down": {"uv": [6, 8, 11.5, 16], "rotation": 180, "texture": "#0"}
			}
		}
	]
}