{
	"credit": "Made with Blockbench",
	"ambientocclusion": false,
	"textures": {
		"particle": "#0"
	},
	"elements": [
		{
			"from": [4, 16, 3],
			"to": [12, 17, 4],
			"faces": {
				"north": {"uv": [4, 3, 12, 4], "texture": "#0", "cullface": "up"},
				"east": {"uv": [11, 3, 12, 4], "texture": "#0", "cullface": "up"},
				"west": {"uv": [4, 3, 5, 4], "texture": "#0", "cullface": "up"},
				"up": {"uv": [4, 3, 12, 4], "texture": "#0", "cullface": "up"}
			}
		},
		{
			"from": [6, 16, 2],
			"to": [11, 17, 3],
			"faces": {
				"north": {"uv": [6, 2, 11, 3], "texture": "#0", "cullface": "up"},
				"east": {"uv": [10, 2, 11, 3], "texture": "#0", "cullface": "up"},
				"west": {"uv": [6, 2, 7, 3], "texture": "#0", "cullface": "up"},
				"up": {"uv": [6, 2, 11, 3], "texture": "#0", "cullface": "up"}
			}
		},
		{
			"from": [12, 16, 4],
			"to": [13, 17, 7],
			"faces": {
				"north": {"uv": [12, 2, 13, 3], "texture": "#0", "cullface": "up"},
				"east": {"uv": [12, 2, 13, 5], "rotation": 90, "texture": "#0", "cullface": "up"},
				"up": {"uv": [12, 2, 13, 5], "texture": "#0", "cullface": "up"}
			}
		},
		{
			"from": [12, 16, 7],
			"to": [14, 17, 11],
			"faces": {
				"north": {"uv": [12, 7, 14, 8], "texture": "#0", "cullface": "up"},
				"east": {"uv": [13, 7, 14, 11], "rotation": 90, "texture": "#0", "cullface": "up"},
				"south": {"uv": [12, 10, 14, 11], "texture": "#0", "cullface": "up"},
				"up": {"uv": [12, 7, 14, 11], "texture": "#0", "cullface": "up"}
			}
		},
		{
			"from": [3, 16, 4],
			"to": [12, 17, 11],
			"faces": {
				"north": {"uv": [3, 4, 12, 5], "texture": "#0", "cullface": "up"},
				"south": {"uv": [3, 10, 12, 11], "texture": "#0", "cullface": "up"},
				"west": {"uv": [3, 4, 4, 11], "rotation": 270, "texture": "#0", "cullface": "up"},
				"up": {"uv": [3, 4, 12, 11], "texture": "#0", "cullface": "up"}
			}
		},
		{
			"from": [5, 16, 11],
			"to": [12, 17, 13],
			"faces": {
				"east": {"uv": [11, 11, 12, 13], "rotation": 90, "texture": "#0", "cullface": "up"},
				"south": {"uv": [5, 12, 12, 13], "texture": "#0", "cullface": "up"},
				"west": {"uv": [5, 11, 6, 13], "rotation": 270, "texture": "#0", "cullface": "up"},
				"up": {"uv": [5, 11, 12, 13], "texture": "#0", "cullface": "up"}
			}
		},
		{
			"from": [2, 16, 6],
			"to": [3, 17, 9],
			"faces": {
				"north": {"uv": [2, 6, 3, 7], "texture": "#0", "cullface": "up"},
				"south": {"uv": [2, 8, 3, 9], "texture": "#0", "cullface": "up"},
				"west": {"uv": [2, 6, 3, 9], "rotation": 270, "texture": "#0", "cullface": "up"},
				"up": {"uv": [2, 6, 3, 9], "texture": "#0", "cullface": "up"}
			}
		},
		{
			"from": [4, 17, 4],
			"to": [6, 18, 11],
			"faces": {
				"north": {"uv": [4, 4, 6, 5], "rotation": 180, "texture": "#0", "cullface": "up"},
				"east": {"uv": [5, 4, 6, 11], "rotation": 90, "texture": "#0", "cullface": "up"},
				"south": {"uv": [4, 10, 6, 11], "texture": "#0", "cullface": "up"},
				"west": {"uv": [4, 4, 5, 11], "rotation": 270, "texture": "#0", "cullface": "up"},
				"up": {"uv": [4, 4, 6, 11], "texture": "#0", "cullface": "up"}
			}
		},
		{
			"from": [6, 17, 9],
			"to": [7, 18, 10],
			"faces": {
				"north": {"uv": [6, 9, 7, 10], "texture": "#0", "cullface": "up"},
				"east": {"uv": [6, 9, 7, 10], "texture": "#0", "cullface": "up"},
				"up": {"uv": [6, 9, 7, 10], "rotation": 270, "texture": "#0", "cullface": "up"}
			}
		},
		{
			"from": [9, 17, 5],
			"to": [10, 18, 6],
			"faces": {
				"south": {"uv": [9, 6, 10, 7], "texture": "#0", "cullface": "up"},
				"west": {"uv": [9, 5, 10, 7], "rotation": 270, "texture": "#0", "cullface": "up"},
				"up": {"uv": [9, 5, 10, 7], "texture": "#0", "cullface": "up"}
			}
		},
		{
			"from": [10, 17, 4],
			"to": [12, 18, 11],
			"faces": {
				"north": {"uv": [10, 4, 12, 5], "texture": "#0", "cullface": "up"},
				"east": {"uv": [11, 4, 12, 11], "rotation": 90, "texture": "#0", "cullface": "up"},
				"south": {"uv": [10, 10, 12, 11], "texture": "#0", "cullface": "up"},
				"west": {"uv": [10, 4, 11, 11], "rotation": 270, "texture": "#0", "cullface": "up"},
				"up": {"uv": [10, 4, 12, 11], "texture": "#0", "cullface": "up"}
			}
		},
		{
			"from": [6, 17, 4],
			"to": [10, 18, 5],
			"faces": {
				"north": {"uv": [9, 4, 10, 5], "texture": "#0", "cullface": "up"},
				"south": {"uv": [6, 4, 7, 5], "texture": "#0", "cullface": "up"},
				"up": {"uv": [6, 4, 10, 5], "texture": "#0", "cullface": "up"}
			}
		},
		{
			"from": [6, 17, 10],
			"to": [10, 18, 12],
			"faces": {
				"north": {"uv": [6, 10, 10, 11], "texture": "#0", "cullface": "up"},
				"east": {"uv": [9, 10, 10, 12], "rotation": 90, "texture": "#0", "cullface": "up"},
				"south": {"uv": [6, 11, 10, 12], "texture": "#0", "cullface": "up"},
				"west": {"uv": [6, 10, 7, 12], "rotation": 270, "texture": "#0", "cullface": "up"},
				"up": {"uv": [6, 10, 10, 12], "texture": "#0", "cullface": "up"}
			}
		},
		{
			"from": [12, 17, 6],
			"to": [13, 18, 9],
			"faces": {
				"north": {"uv": [12, 6, 13, 7], "texture": "#0", "cullface": "up"},
				"east": {"uv": [13, 6, 12, 9], "rotation": 90, "texture": "#0", "cullface": "up"},
				"south": {"uv": [12, 8, 13, 9], "texture": "#0", "cullface": "up"},
				"up": {"uv": [12, 6, 13, 9], "texture": "#0", "cullface": "up"}
			}
		},
		{
			"from": [7, 17, 3],
			"to": [11, 18, 4],
			"faces": {
				"north": {"uv": [7, 3, 11, 4], "texture": "#0", "cullface": "up"},
				"east": {"uv": [10, 3, 11, 4], "texture": "#0", "cullface": "up"},
				"west": {"uv": [7, 3, 8, 4], "texture": "#0", "cullface": "up"},
				"up": {"uv": [7, 3, 11, 4], "texture": "#0", "cullface": "up"}
			}
		},
		{
			"from": [3, 17, 6],
			"to": [4, 18, 9],
			"faces": {
				"north": {"uv": [3, 6, 4, 7], "texture": "#0", "cullface": "up"},
				"south": {"uv": [3, 8, 4, 9], "texture": "#0", "cullface": "up"},
				"west": {"uv": [3, 6, 4, 9], "rotation": 270, "texture": "#0", "cullface": "up"},
				"up": {"uv": [3, 6, 4, 9], "texture": "#0", "cullface": "up"}
			}
		},
		{
			"from": [6, 17.5, 5],
			"to": [10, 17.5, 10],
			"faces": {
				"up": {"uv": [4, 5, 12, 11], "rotation": 90, "texture": "#1", "cullface": "up"}
			}
		}
	]
}