{
	"credit": "Made with Blockbench",
	"textures": {
		"0": "block/ladybug",
		"particle": "block/ladybug"
	},
	"elements": [
		{
			"from": [10, 5.5, -0.75],
			"to": [11.5, 7.5, 0],
			"faces": {
				"north": {"uv": [0, 1, 6, 9], "texture": "#0"},
				"east": {"uv": [3, 1, 6, 9], "texture": "#0"},
				"west": {"uv": [0, 1, 3, 9], "texture": "#0"},
				"up": {"uv": [0, 1, 3, 2], "texture": "#0"},
				"down": {"uv": [0.5, 6, 5.5, 9], "texture": "#0"}
			}
		},
		{
			"from": [10.2, 5.7, -0.85],
			"to": [11.3, 7.25, -0.85],
			"faces": {
				"north": {"uv": [1, 2, 5, 8], "texture": "#0"},
				"east": {"uv": [0, 1, 1, 5], "texture": "#0"},
				"west": {"uv": [0, 1, 1, 5], "texture": "#0"},
				"up": {"uv": [0, 1, 3, 2], "texture": "#0"},
				"down": {"uv": [0, 1, 3, 2], "texture": "#0"}
			}
		},
		{
			"from": [10.325, 5.45, -0.85],
			"to": [11.175, 5.7, -0.85],
			"faces": {
				"north": {"uv": [1.5, 8, 4.5, 9], "texture": "#0"},
				"east": {"uv": [0, 1, 1, 5], "texture": "#0"},
				"west": {"uv": [0, 1, 1, 5], "texture": "#0"},
				"up": {"uv": [0, 1, 3, 2], "texture": "#0"},
				"down": {"uv": [0, 1, 3, 2], "texture": "#0"}
			}
		},
		{
			"from": [10.325, 7.25, -0.85],
			"to": [11.175, 7.5, -0.85],
			"faces": {
				"north": {"uv": [1.5, 1, 4.5, 2], "texture": "#0"},
				"east": {"uv": [0, 1, 1, 5], "texture": "#0"},
				"west": {"uv": [0, 1, 1, 5], "texture": "#0"},
				"up": {"uv": [0, 1, 3, 2], "texture": "#0"},
				"down": {"uv": [0, 1, 3, 2], "texture": "#0"}
			}
		},
		{
			"from": [10.375, 7.5, -0.5],
			"to": [11.125, 8, 0],
			"faces": {
				"north": {"uv": [0, 0, 2, 1], "texture": "#0"},
				"east": {"uv": [0, 0, 1, 1], "texture": "#0"},
				"west": {"uv": [0, 0, 1, 1], "texture": "#0"},
				"up": {"uv": [0, 0, 2, 1], "texture": "#0"},
				"down": {"uv": [0, 0, 2, 1], "texture": "#0"}
			}
		},
		{
			"from": [9.625, 6.9, -0.1],
			"to": [11.875, 7.2, 0],
			"faces": {
				"north": {"uv": [0, 9, 1, 10], "texture": "#0"}
			}
		},
		{
			"from": [9.625, 5.65, -0.1],
			"to": [11.875, 5.95, 0],
			"faces": {
				"north": {"uv": [0, 9, 1, 10], "texture": "#0"}
			}
		},
		{
			"from": [9.625, 6.3, -0.1],
			"to": [11.875, 6.6, 0],
			"faces": {
				"north": {"uv": [0, 9, 1, 10], "texture": "#0"}
			}
		},
		{
			"from": [11, 8, -0.1],
			"to": [11.35, 8.25, -0.1],
			"faces": {
				"north": {"uv": [0, 9, 1, 10], "texture": "#0"}
			}
		},
		{
			"from": [11.35, 7.75, -0.1],
			"to": [11.7, 8, -0.1],
			"faces": {
				"north": {"uv": [0, 9, 1, 10], "texture": "#0"}
			}
		},
		{
			"from": [10.15, 8, -0.1],
			"to": [10.5, 8.25, -0.1],
			"faces": {
				"north": {"uv": [0, 9, 1, 10], "texture": "#0"}
			}
		},
		{
			"from": [9.8, 7.75, -0.1],
			"to": [10.15, 8, -0.1],
			"faces": {
				"north": {"uv": [0, 9, 1, 10], "texture": "#0"}
			}
		}
	],
	"display": {}
}