{
	"credit": "Made with Blockbench",
	"ambientocclusion": false,
	"textures": {
		"0": "block/lily_pad",
		"particle": "block/lily_pad"
	},
	"elements": [
		{
			"from": [0, 0.25, 0],
			"to": [16, 0.25, 8],
			"rotation": {"angle": 22.5, "axis": "y", "origin": [8, 0.25, 8]},
			"faces": {
				"up": {"uv": [0, 16, 16, 8], "texture": "#0", "tintindex": 0},
				"down": {"uv": [0, 8, 16, 16], "texture": "#0", "tintindex": 0}
			}
		},
		{
			"from": [0, 0.25, 8],
			"to": [16, 0.25, 16],
			"rotation": {"angle": 22.5, "axis": "y", "origin": [8, 0.25, 8]},
			"faces": {
				"up": {"uv": [0, 8, 16, 16], "texture": "#0", "tintindex": 0},
				"down": {"uv": [0, 16, 16, 8], "texture": "#0", "tintindex": 0}
			}
		}
	]
}