{
	"credit": "Made with Blockbench",
	"parent": "block/block",
	"textures": {
		"1": "block/brown_mushroom_block",
		"2": "block/mushroom_block_inside",
		"4": "block/mushroom_stem",
		"particle": "block/brown_mushroom_block"
	},
	"elements": [
		{
			"from": [-5, 11, -4],
			"to": [1, 13, 2],
			"faces": {
				"north": {"uv": [5, 9, 11, 11], "texture": "#1"},
				"east": {"uv": [5, 9, 11, 11], "texture": "#1", "cullface": "north"},
				"south": {"uv": [5, 9, 11, 11], "texture": "#1", "cullface": "west"},
				"west": {"uv": [5, 9, 11, 11], "texture": "#1"},
				"up": {"uv": [5, 5, 11, 11], "texture": "#1"},
				"down": {"uv": [0, 0, 6, 6], "texture": "#2"}
			}
		},
		{
			"from": [-4, 13, -3],
			"to": [0, 13.5, 1],
			"faces": {
				"up": {"uv": [6, 6, 10, 10], "texture": "#1"}
			}
		},
		{
			"from": [-4, 13, -3.5],
			"to": [0, 13.5, -3],
			"faces": {
				"north": {"uv": [5.5, 6, 6, 10], "rotation": 270, "texture": "#1"},
				"east": {"uv": [6, 6, 5.5, 6.5], "texture": "#1"},
				"west": {"uv": [6, 9.5, 5.5, 10], "texture": "#1"},
				"up": {"uv": [5.5, 6, 6, 10], "rotation": 90, "texture": "#1"}
			}
		},
		{
			"from": [-4, 13, 1],
			"to": [0, 13.5, 1.5],
			"faces": {
				"east": {"uv": [10.5, 6, 10, 6.5], "texture": "#1", "cullface": "west"},
				"south": {"uv": [10, 6, 10.5, 10], "rotation": 270, "texture": "#1", "cullface": "west"},
				"west": {"uv": [10.5, 9.5, 10, 10], "texture": "#1", "cullface": "west"},
				"up": {"uv": [10, 6, 10.5, 10], "rotation": 270, "texture": "#1", "cullface": "west"}
			}
		},
		{
			"from": [0, 13, -3],
			"to": [0.5, 13.5, 1],
			"faces": {
				"north": {"uv": [6, 6, 6.5, 5.5], "texture": "#1", "cullface": "north"},
				"east": {"uv": [6, 5.5, 10, 6], "texture": "#1", "cullface": "north"},
				"south": {"uv": [9.5, 6, 10, 5.5], "texture": "#1", "cullface": "north"},
				"up": {"uv": [6, 5.5, 10, 6], "rotation": 270, "texture": "#1", "cullface": "north"}
			}
		},
		{
			"from": [-4.5, 13, -3],
			"to": [-4, 13.5, 1],
			"faces": {
				"north": {"uv": [6, 10, 6.5, 9.5], "texture": "#1"},
				"south": {"uv": [9.5, 10, 10, 9.5], "texture": "#1"},
				"west": {"uv": [6, 9.5, 10, 10], "texture": "#1"},
				"up": {"uv": [6, 9.5, 10, 10], "rotation": 270, "texture": "#1"}
			}
		},
		{
			"from": [-3, 9, -2],
			"to": [0, 11, 1],
			"faces": {
				"north": {"uv": [7, 6, 10, 8], "texture": "#4"},
				"east": {"uv": [7, 6, 10, 8], "texture": "#4", "cullface": "north"},
				"south": {"uv": [7, 6, 10, 8], "texture": "#4", "cullface": "west"},
				"west": {"uv": [7, 6, 10, 8], "texture": "#4"},
				"down": {"uv": [7, 6, 10, 9], "texture": "#4"}
			}
		},
		{
			"from": [0, 5, -3],
			"to": [3, 6, 0],
			"faces": {
				"north": {"uv": [6, 12, 9, 13], "texture": "#1", "cullface": "north"},
				"east": {"uv": [6, 12, 9, 13], "texture": "#1", "cullface": "north"},
				"west": {"uv": [6, 12, 9, 13], "texture": "#1", "cullface": "north"},
				"up": {"uv": [6, 10, 9, 13], "rotation": 90, "texture": "#1", "cullface": "north"},
				"down": {"uv": [0, 6, 3, 9], "rotation": 270, "texture": "#2", "cullface": "north"}
			}
		},
		{
			"from": [0.25, 5.25, -2.5],
			"to": [2.75, 6.25, 0],
			"faces": {
				"north": {"uv": [6.25, 12.25, 8.75, 12.5], "texture": "#1", "cullface": "north"},
				"east": {"uv": [6.25, 12.25, 8.75, 12.5], "texture": "#1", "cullface": "north"},
				"west": {"uv": [6.25, 12.25, 8.75, 12.5], "texture": "#1", "cullface": "north"},
				"up": {"uv": [6.25, 10, 8.75, 12.5], "rotation": 90, "texture": "#1", "cullface": "north"}
			}
		},
		{
			"from": [1, 4, -2],
			"to": [2, 5, 0],
			"faces": {
				"north": {"uv": [9, 7, 10, 8], "texture": "#4", "cullface": "north"},
				"east": {"uv": [9, 7, 11, 8], "texture": "#4", "cullface": "north"},
				"west": {"uv": [9, 7, 11, 8], "texture": "#4", "cullface": "north"},
				"down": {"uv": [9, 5, 11, 7], "rotation": 270, "texture": "#4", "cullface": "north"}
			}
		}
	]
}