{
	"credit": "Made with Blockbench",
	"parent": "block/block",
	"textures": {
		"1": "block/brown_mushroom_block",
		"2": "block/mushroom_block_inside",
		"4": "block/mushroom_stem",
		"particle": "block/brown_mushroom_block"
	},
	"elements": [
		{
			"from": [-5, 11, 8],
			"to": [1, 13, 14],
			"faces": {
				"north": {"uv": [5, 9, 11, 11], "texture": "#1", "cullface": "west"},
				"east": {"uv": [5, 9, 11, 11], "texture": "#1", "cullface": "west"},
				"south": {"uv": [5, 9, 11, 11], "texture": "#1", "cullface": "west"},
				"west": {"uv": [5, 9, 11, 11], "texture": "#1", "cullface": "west"},
				"up": {"uv": [5, 5, 11, 11], "texture": "#1", "cullface": "west"},
				"down": {"uv": [0, 0, 6, 6], "texture": "#2", "cullface": "west"}
			}
		},
		{
			"from": [-4, 13, 9],
			"to": [0, 13.5, 13],
			"faces": {
				"up": {"uv": [6, 6, 10, 10], "texture": "#1", "cullface": "west"}
			}
		},
		{
			"from": [-4, 13, 8.5],
			"to": [0, 13.5, 9],
			"faces": {
				"north": {"uv": [5.5, 6, 6, 10], "rotation": 270, "texture": "#1", "cullface": "west"},
				"east": {"uv": [6, 6, 5.5, 6.5], "texture": "#1", "cullface": "west"},
				"west": {"uv": [6, 9.5, 5.5, 10], "texture": "#1", "cullface": "west"},
				"up": {"uv": [5.5, 6, 6, 10], "rotation": 90, "texture": "#1", "cullface": "west"}
			}
		},
		{
			"from": [-4, 13, 13],
			"to": [0, 13.5, 13.5],
			"faces": {
				"east": {"uv": [10.5, 6, 10, 6.5], "texture": "#1", "cullface": "west"},
				"south": {"uv": [10, 6, 10.5, 10], "rotation": 270, "texture": "#1", "cullface": "west"},
				"west": {"uv": [10.5, 9.5, 10, 10], "texture": "#1", "cullface": "west"},
				"up": {"uv": [10, 6, 10.5, 10], "rotation": 270, "texture": "#1", "cullface": "west"}
			}
		},
		{
			"from": [0, 13, 9],
			"to": [0.5, 13.5, 13],
			"faces": {
				"north": {"uv": [6, 6, 6.5, 5.5], "texture": "#1", "cullface": "west"},
				"east": {"uv": [6, 5.5, 10, 6], "texture": "#1", "cullface": "west"},
				"south": {"uv": [9.5, 6, 10, 5.5], "texture": "#1", "cullface": "west"},
				"up": {"uv": [6, 5.5, 10, 6], "rotation": 270, "texture": "#1", "cullface": "west"}
			}
		},
		{
			"from": [-4.5, 13, 9],
			"to": [-4, 13.5, 13],
			"faces": {
				"north": {"uv": [6, 10, 6.5, 9.5], "texture": "#1", "cullface": "west"},
				"south": {"uv": [9.5, 10, 10, 9.5], "texture": "#1", "cullface": "west"},
				"west": {"uv": [6, 9.5, 10, 10], "texture": "#1", "cullface": "west"},
				"up": {"uv": [6, 9.5, 10, 10], "rotation": 270, "texture": "#1", "cullface": "west"}
			}
		},
		{
			"from": [-3, 9, 9.5],
			"to": [0, 11, 12.5],
			"faces": {
				"north": {"uv": [7, 6, 10, 8], "texture": "#4", "cullface": "west"},
				"east": {"uv": [7, 6, 10, 8], "texture": "#4", "cullface": "west"},
				"south": {"uv": [7, 6, 10, 8], "texture": "#4", "cullface": "west"},
				"west": {"uv": [7, 6, 10, 8], "texture": "#4", "cullface": "west"},
				"down": {"uv": [7, 6, 10, 9], "texture": "#4", "cullface": "west"}
			}
		}
	]
}