{
	"credit": "Made with Blockbench",
	"ambientocclusion": false,
	"textures": {
		"particle": "#0"
	},
	"elements": [
		{
			"from": [2, 16, 3],
			"to": [4, 16.5, 4],
			"color": 4,
			"faces": {
				"north": {"uv": [2, 3, 4, 3.5], "texture": "#0", "cullface": "up"},
				"east": {"uv": [3.5, 3, 4, 4], "texture": "#0", "cullface": "up"},
				"south": {"uv": [2, 3, 4, 3.5], "texture": "#0", "cullface": "up"},
				"west": {"uv": [2, 3, 2.5, 4], "texture": "#0", "cullface": "up"},
				"up": {"uv": [2, 3, 4, 4], "texture": "#0", "cullface": "up"}
			}
		},
		{
			"from": [2, 16, 4],
			"to": [3, 16.5, 5],
			"color": 4,
			"faces": {
				"east": {"uv": [2, 4, 3, 4.5], "texture": "#0", "cullface": "up"},
				"south": {"uv": [2, 4, 3, 4.5], "texture": "#0", "cullface": "up"},
				"west": {"uv": [2, 4, 3, 4.5], "texture": "#0", "cullface": "up"},
				"up": {"uv": [2, 4, 3, 5], "texture": "#0", "cullface": "up"}
			}
		},
		{
			"from": [3, 16, 5],
			"to": [5, 16.5, 6],
			"color": 4,
			"faces": {
				"north": {"uv": [3, 5, 5, 5.5], "texture": "#0", "cullface": "up"},
				"east": {"uv": [4.5, 5, 5, 6], "texture": "#0", "cullface": "up"},
				"south": {"uv": [3, 5, 5, 5.5], "texture": "#0", "cullface": "up"},
				"west": {"uv": [3, 5, 3.5, 6], "texture": "#0", "cullface": "up"},
				"up": {"uv": [3, 5, 5, 6], "texture": "#0", "cullface": "up"}
			}
		},
		{
			"from": [4, 16, 4],
			"to": [5, 16.5, 5],
			"color": 4,
			"faces": {
				"north": {"uv": [4, 4, 5, 4.5], "texture": "#0", "cullface": "up"},
				"east": {"uv": [4, 4, 5, 4.5], "texture": "#0", "cullface": "up"},
				"west": {"uv": [4, 4, 5, 4.5], "texture": "#0", "cullface": "up"},
				"up": {"uv": [4, 4, 5, 5], "texture": "#0", "cullface": "up"}
			}
		},
		{
			"from": [9, 16, 8],
			"to": [10, 16.5, 9],
			"color": 4,
			"faces": {
				"north": {"uv": [9, 8, 10, 8.5], "texture": "#0", "cullface": "up"},
				"east": {"uv": [9, 8, 10, 8.5], "texture": "#0", "cullface": "up"},
				"south": {"uv": [9, 8, 10, 8.5], "texture": "#0", "cullface": "up"},
				"west": {"uv": [9, 8, 10, 8.5], "texture": "#0", "cullface": "up"},
				"up": {"uv": [9, 8, 10, 9], "texture": "#0", "cullface": "up"}
			}
		},
		{
			"from": [8, 16, 9],
			"to": [9, 16.5, 10],
			"color": 4,
			"faces": {
				"north": {"uv": [8, 9, 9, 9.5], "texture": "#0", "cullface": "up"},
				"east": {"uv": [8, 9, 9, 9.5], "texture": "#0", "cullface": "up"},
				"west": {"uv": [8, 9, 9, 9.5], "texture": "#0", "cullface": "up"},
				"up": {"uv": [8, 9, 9, 10], "texture": "#0", "cullface": "up"}
			}
		},
		{
			"from": [8, 16, 10],
			"to": [10, 16.5, 11],
			"color": 4,
			"faces": {
				"north": {"uv": [8, 10, 10, 10.5], "texture": "#0", "cullface": "up"},
				"east": {"uv": [8, 10, 10, 10.5], "texture": "#0", "cullface": "up"},
				"south": {"uv": [8, 10, 10, 10.5], "texture": "#0", "cullface": "up"},
				"west": {"uv": [8, 10, 10, 10.5], "texture": "#0", "cullface": "up"},
				"up": {"uv": [8, 10, 10, 11], "texture": "#0", "cullface": "up"}
			}
		},
		{
			"from": [10, 16, 9],
			"to": [11, 16.5, 10],
			"color": 4,
			"faces": {
				"north": {"uv": [10, 9, 11, 9.5], "texture": "#0", "cullface": "up"},
				"east": {"uv": [10, 9, 11, 9.5], "texture": "#0", "cullface": "up"},
				"south": {"uv": [10, 9, 11, 9.5], "texture": "#0", "cullface": "up"},
				"west": {"uv": [10, 9, 11, 9.5], "texture": "#0", "cullface": "up"},
				"up": {"uv": [10, 9, 11, 10], "texture": "#0", "cullface": "up"}
			}
		},
		{
			"from": [12, 16, 2],
			"to": [13, 16.5, 3],
			"color": 4,
			"faces": {
				"north": {"uv": [12, 4, 13, 4.5], "texture": "#0", "cullface": "up"},
				"east": {"uv": [12, 4, 13, 4.5], "texture": "#0", "cullface": "up"},
				"south": {"uv": [12, 4, 13, 4.5], "texture": "#0", "cullface": "up"},
				"west": {"uv": [12, 4, 13, 4.5], "texture": "#0", "cullface": "up"},
				"up": {"uv": [12, 2, 13, 3], "texture": "#0", "cullface": "up"}
			}
		},
		{
			"from": [11, 16, 3],
			"to": [12, 16.5, 4],
			"color": 4,
			"faces": {
				"north": {"uv": [11, 5, 12, 5.5], "texture": "#0", "cullface": "up"},
				"east": {"uv": [11, 5, 12, 5.5], "texture": "#0", "cullface": "up"},
				"south": {"uv": [11, 5, 12, 5.5], "texture": "#0", "cullface": "up"},
				"west": {"uv": [11, 5, 12, 5.5], "texture": "#0", "cullface": "up"},
				"up": {"uv": [11, 3, 12, 4], "texture": "#0", "cullface": "up"}
			}
		},
		{
			"from": [12, 16, 4],
			"to": [13, 16.5, 5],
			"color": 4,
			"faces": {
				"north": {"uv": [12, 6, 13, 6.5], "texture": "#0", "cullface": "up"},
				"east": {"uv": [12, 6, 13, 6.5], "texture": "#0", "cullface": "up"},
				"south": {"uv": [12, 6, 13, 6.5], "texture": "#0", "cullface": "up"},
				"west": {"uv": [12, 6, 13, 6.5], "texture": "#0", "cullface": "up"},
				"up": {"uv": [12, 4, 13, 5], "texture": "#0", "cullface": "up"}
			}
		},
		{
			"from": [13, 16, 3],
			"to": [14, 16.5, 4],
			"color": 4,
			"faces": {
				"north": {"uv": [13, 5, 14, 5.5], "texture": "#0", "cullface": "up"},
				"east": {"uv": [13, 5, 14, 5.5], "texture": "#0", "cullface": "up"},
				"south": {"uv": [13, 5, 14, 5.5], "texture": "#0", "cullface": "up"},
				"west": {"uv": [13, 5, 14, 5.5], "texture": "#0", "cullface": "up"},
				"up": {"uv": [13, 3, 14, 4], "texture": "#0", "cullface": "up"}
			}
		},
		{
			"from": [3, 16, 11],
			"to": [4, 16.5, 12],
			"color": 4,
			"faces": {
				"north": {"uv": [3, 11, 4, 11.5], "texture": "#0", "cullface": "up"},
				"south": {"uv": [3, 11, 4, 11.5], "texture": "#0", "cullface": "up"},
				"west": {"uv": [3, 11, 4, 11.5], "texture": "#0", "cullface": "up"},
				"up": {"uv": [3, 11, 4, 12], "texture": "#0", "cullface": "up"}
			}
		},
		{
			"from": [2, 16, 12],
			"to": [3, 16.5, 13],
			"color": 4,
			"faces": {
				"north": {"uv": [2, 12, 3, 12.5], "texture": "#0", "cullface": "up"},
				"east": {"uv": [2, 12, 3, 12.5], "texture": "#0", "cullface": "up"},
				"south": {"uv": [2, 12, 3, 12.5], "texture": "#0", "cullface": "up"},
				"west": {"uv": [2, 12, 3, 12.5], "texture": "#0", "cullface": "up"},
				"up": {"uv": [2, 12, 3, 13], "texture": "#0", "cullface": "up"}
			}
		},
		{
			"from": [3, 16, 13],
			"to": [4, 16.5, 14],
			"color": 4,
			"faces": {
				"north": {"uv": [3, 13, 4, 13.5], "texture": "#0", "cullface": "up"},
				"east": {"uv": [3, 13, 4, 13.5], "texture": "#0", "cullface": "up"},
				"south": {"uv": [3, 13, 4, 13.5], "texture": "#0", "cullface": "up"},
				"west": {"uv": [3, 13, 4, 13.5], "texture": "#0", "cullface": "up"},
				"up": {"uv": [3, 13, 4, 14], "texture": "#0", "cullface": "up"}
			}
		},
		{
			"from": [4, 16, 11],
			"to": [5, 16.5, 13],
			"color": 4,
			"faces": {
				"north": {"uv": [4, 11, 5, 11.5], "texture": "#0", "cullface": "up"},
				"east": {"uv": [4, 11, 4.5, 13], "texture": "#0", "cullface": "up"},
				"south": {"uv": [4, 12.5, 5, 13], "texture": "#0", "cullface": "up"},
				"west": {"uv": [4, 11, 4.5, 13], "texture": "#0", "cullface": "up"},
				"up": {"uv": [4, 11, 5, 13], "texture": "#0", "cullface": "up"}
			}
		},
		{
			"from": [3, 16.25, 4],
			"to": [4, 16.25, 5],
			"color": 3,
			"faces": {
				"up": {"uv": [7, 7, 8, 8], "texture": "#1", "cullface": "up"}
			}
		},
		{
			"from": [12, 16.25, 3],
			"to": [13, 16.25, 4],
			"color": 3,
			"faces": {
				"up": {"uv": [7, 7, 8, 8], "texture": "#1", "cullface": "up"}
			}
		},
		{
			"from": [9, 16.25, 9],
			"to": [10, 16.25, 10],
			"color": 3,
			"faces": {
				"up": {"uv": [7, 7, 8, 8], "texture": "#1", "cullface": "up"}
			}
		},
		{
			"from": [3, 16.25, 12],
			"to": [4, 16.25, 13],
			"color": 3,
			"faces": {
				"up": {"uv": [7, 7, 8, 8], "texture": "#1", "cullface": "up"}
			}
		}
	]
}