{
	"credit": "Made with Blockbench",
	"ambientocclusion": false,
	"textures": {
		"particle": "#0"
	},
	"elements": [
		{
			"from": [1, 16, 3],
			"to": [2, 17, 10],
			"rotation": {"angle": 22.5, "axis": "y", "origin": [0, 0, 0]},
			"faces": {
				"north": {"uv": [5, 8, 6, 9], "texture": "#0", "cullface": "up"},
				"east": {"uv": [12, 8, 5, 9], "texture": "#0", "cullface": "up"},
				"south": {"uv": [11, 8, 12, 9], "texture": "#0", "cullface": "up"},
				"west": {"uv": [5, 8, 12, 9], "texture": "#0", "cullface": "up"},
				"up": {"uv": [5, 8, 12, 9], "rotation": 90, "texture": "#0", "cullface": "up"}
			}
		}
	]
}