{
	"credit": "Made with Blockbench",
	"textures": {
		"0": "block/butterfly_wings",
		"1": "block/butterfly_body",
		"particle": "block/butterfly_wings"
	},
	"elements": [
		{
			"from": [7, 1, 22.5],
			"to": [8, 7, 22.5],
			"rotation": {"angle": -22.5, "axis": "x", "origin": [0, 0, 9.25]},
			"faces": {
				"north": {"uv": [15, 16, 16, 11], "rotation": 180, "texture": "#1", "cullface": "south"},
				"south": {"uv": [15, 11, 16, 16], "texture": "#1", "cullface": "south"}
			}
		},
		{
			"from": [6, 11.25, 18.85],
			"to": [9, 14.25, 18.85],
			"rotation": {"angle": 0, "axis": "x", "origin": [8, 7, 6.25]},
			"faces": {
				"north": {"uv": [0, 0, 3, 2.5], "texture": "#1", "cullface": "south"},
				"south": {"uv": [0, 0, 3, 2.5], "texture": "#1", "cullface": "south"}
			}
		},
		{
			"from": [-1.35, 5, 18.25],
			"to": [5.65, 16, 18.25],
			"rotation": {"angle": 45, "axis": "y", "origin": [8, 2.5, 17.25]},
			"faces": {
				"north": {"uv": [0, 8, 5.5, 0], "rotation": 180, "texture": "#0", "cullface": "south"},
				"south": {"uv": [0, 0, 5.5, 8], "texture": "#0", "cullface": "south"}
			}
		},
		{
			"from": [9.5, 5, 18.25],
			"to": [16.5, 16, 18.25],
			"rotation": {"angle": -45, "axis": "y", "origin": [7, 8, 17.25]},
			"faces": {
				"north": {"uv": [0, 0, 5.5, 8], "texture": "#0", "cullface": "south"},
				"south": {"uv": [0, 8, 5.5, 0], "rotation": 180, "texture": "#0", "cullface": "south"}
			}
		},
		{
			"from": [8.75, 5, 19],
			"to": [15.75, 16, 19],
			"rotation": {"angle": -22.5, "axis": "y", "origin": [7, 8, 17.25]},
			"faces": {
				"north": {"uv": [5.5, 0, 11, 8], "texture": "#0", "cullface": "south"},
				"south": {"uv": [5.5, 8, 11, 0], "rotation": 180, "texture": "#0", "cullface": "south"}
			}
		},
		{
			"from": [-0.75, 5, 19],
			"to": [6.25, 16, 19],
			"rotation": {"angle": 22.5, "axis": "y", "origin": [8, 2.5, 17.25]},
			"faces": {
				"north": {"uv": [5.5, 8, 11, 0], "rotation": 180, "texture": "#0", "cullface": "south"},
				"south": {"uv": [5.5, 0, 11, 8], "texture": "#0", "cullface": "south"}
			}
		},
		{
			"from": [0.05, 5, 19.5],
			"to": [7.05, 16, 19.5],
			"rotation": {"angle": 0, "axis": "y", "origin": [8, 2.5, 17.25]},
			"faces": {
				"north": {"uv": [0, 16, 5.5, 8], "rotation": 180, "texture": "#0", "cullface": "south"},
				"south": {"uv": [0, 8, 5.5, 16], "texture": "#0", "cullface": "south"}
			}
		},
		{
			"from": [7.95, 5, 19.5],
			"to": [14.95, 16, 19.5],
			"rotation": {"angle": 0, "axis": "y", "origin": [7, 8, 17.25]},
			"faces": {
				"north": {"uv": [0, 8, 5.5, 16], "texture": "#0", "cullface": "south"},
				"south": {"uv": [0, 16, 5.5, 8], "rotation": 180, "texture": "#0", "cullface": "south"}
			}
		},
		{
			"from": [9.8, 5.5, 20.25],
			"to": [16.8, 16.5, 20.25],
			"rotation": {"angle": 22.5, "axis": "y", "origin": [7, 13.5, 24.5]},
			"faces": {
				"north": {"uv": [6, 8, 11.5, 16], "texture": "#0", "cullface": "south"},
				"south": {"uv": [6, 16, 11.5, 8], "rotation": 180, "texture": "#0", "cullface": "south"}
			}
		},
		{
			"from": [-1.8, 5, 20.25],
			"to": [5.2, 16, 20.25],
			"rotation": {"angle": -22.5, "axis": "y", "origin": [8, 8, 24.5]},
			"faces": {
				"north": {"uv": [6, 16, 11.5, 8], "rotation": 180, "texture": "#0", "cullface": "south"},
				"south": {"uv": [6, 8, 11.5, 16], "texture": "#0", "cullface": "south"}
			}
		}
	]
}