{
	"credit": "Made with Blockbench",
	"ambientocclusion": false,
	"textures": {
		"0": "block/mangrove_propagule",
		"particle": "block/mangrove_propagule"
	},
	"elements": [
		{
			"from": [4.5, 9, 8],
			"to": [11.5, 15, 8],
			"rotation": {"angle": 45, "axis": "y", "origin": [8, 0, 8], "rescale": true},
			"faces": {
				"north": {"uv": [4, 1, 11, 7], "texture": "#0"},
				"south": {"uv": [4, 1, 11, 7], "texture": "#0"}
			}
		},
		{
			"from": [8, 9, 4.5],
			"to": [8, 15, 11.5],
			"rotation": {"angle": 45, "axis": "y", "origin": [8, 0, 8], "rescale": true},
			"faces": {
				"east": {"uv": [4, 1, 11, 7], "texture": "#0"},
				"west": {"uv": [4, 1, 11, 7], "texture": "#0"}
			}
		},
		{
			"from": [8, 0, 7],
			"to": [8, 9, 9],
			"rotation": {"angle": 45, "axis": "y", "origin": [8, 0, 8], "rescale": true},
			"faces": {
				"east": {"uv": [7, 7, 9, 16], "texture": "#0"},
				"west": {"uv": [7, 7, 9, 16], "texture": "#0"}
			}
		},
		{
			"from": [7, 0, 8],
			"to": [9, 9, 8],
			"rotation": {"angle": 45, "axis": "y", "origin": [8, 0, 8], "rescale": true},
			"faces": {
				"north": {"uv": [7, 7, 9, 16], "texture": "#0"},
				"south": {"uv": [7, 7, 9, 16], "texture": "#0"}
			}
		},
		{
			"from": [7, 0, 8],
			"to": [9, 9, 8],
			"rotation": {"angle": 0, "axis": "y", "origin": [8, 0, 8], "rescale": true},
			"faces": {
				"north": {"uv": [7, 7, 9, 16], "texture": "#0"},
				"south": {"uv": [7, 7, 9, 16], "texture": "#0"}
			}
		},
		{
			"from": [8, 0, 7],
			"to": [8, 9, 9],
			"rotation": {"angle": 0, "axis": "y", "origin": [8, 0, 8], "rescale": true},
			"faces": {
				"east": {"uv": [7, 7, 9, 16], "texture": "#0"},
				"west": {"uv": [7, 7, 9, 16], "texture": "#0"}
			}
		}
	]
}