{
	"credit": "Made with Blockbench",
	"parent": "minecraft:block/block",
	"textures": {
		"particle": "#0"
	},
	"elements": [
		{
			"from": [7, -1, 1],
			"to": [9, 15, 4],
			"faces": {
				"north": {"uv": [7, 0, 9, 9], "rotation": 180, "texture": "#0"},
				"east": {"uv": [15, 7, 0, 10], "rotation": 90, "texture": "#0"},
				"south": {"uv": [7, 0, 9, 9], "texture": "#0"},
				"west": {"uv": [0, 7, 15, 10], "rotation": 90, "texture": "#0"},
				"up": {"uv": [2, 7, 0, 10], "texture": "#0"},
				"down": {"uv": [7, 7, 9, 10], "texture": "#0"}
			}
		},
		{
			"from": [7.5, 6, 0],
			"to": [8.5, 9, 6],
			"faces": {
				"east": {"uv": [0, 7, 6, 10], "texture": "#0"},
				"west": {"uv": [0, 7, 6, 10], "texture": "#0"},
				"up": {"uv": [8, 0, 9, 6], "texture": "#0"},
				"down": {"uv": [8, 0, 9, 6], "texture": "#0"}
			}
		}
	]
}