{
	"credit": "Made with Blockbench",
	"parent": "block/block",
	"textures": {
		"b": "block/cactus_bottom",
		"t": "block/cactus_top",
		"s": "block/cactus_side",
		"particle": "block/cactus_side"
	},
	"elements": [
		{
			"from": [1, 0, 0],
			"to": [15, 16, 16],
			"faces": {
				"east": {"uv": [0, 0, 16, 16], "texture": "#s"},
				"west": {"uv": [0, 0, 16, 16], "texture": "#s"}
			}
		},
		{
			"from": [0, 0, 0],
			"to": [16, 16, 16],
			"faces": {
				"up": {"uv": [0, 0, 16, 16], "texture": "#t", "cullface": "up"},
				"down": {"uv": [0, 0, 16, 16], "texture": "#b", "cullface": "down"}
			}
		},
		{
			"from": [0, 0, 1],
			"to": [16, 16, 15],
			"faces": {
				"north": {"uv": [0, 0, 16, 16], "texture": "#s"},
				"south": {"uv": [0, 0, 16, 16], "texture": "#s"}
			}
		}
	]
}