{
	"credit": "Made with Blockbench",
	"parent": "block/block",
	"ambientocclusion": false,
	"textures": {
		"p": "block/azalea_plant",
		"particle": "block/azalea_plant"
	},
	"elements": [
		{
			"from": [0, 16, 0],
			"to": [16, 16, 16],
			"faces": {
				"up": {"uv": [0, 0, 16, 16], "texture": "#t", "cullface": "up"},
				"down": {"uv": [0, 16, 16, 0], "texture": "#t", "cullface": "up"}
			}
		},
		{
			"from": [-3, 2.25, 0],
			"to": [-3, 12.25, 16],
			"rotation": {"angle": -22.5, "axis": "z", "origin": [0, 5, 0]},
			"faces": {
				"east": {"uv": [0, 6, 16, 16], "texture": "#s", "cullface": "west"},
				"west": {"uv": [0, 6, 16, 16], "texture": "#s", "cullface": "west"}
			}
		},
		{
			"from": [-3, -2.5, 0],
			"to": [-3, 7.5, 16],
			"rotation": {"angle": -22.5, "axis": "z", "origin": [0, 0.25, 0]},
			"faces": {
				"east": {"uv": [0, 6, 16, 16], "texture": "#s", "cullface": "west"},
				"west": {"uv": [0, 6, 16, 16], "texture": "#s", "cullface": "west"}
			}
		},
		{
			"from": [0, -0.3, 15.75],
			"to": [16, 9.7, 15.75],
			"rotation": {"angle": -22.5, "axis": "x", "origin": [8.005, 12, 8]},
			"faces": {
				"north": {"uv": [0, 6, 16, 16], "texture": "#s", "cullface": "south"},
				"south": {"uv": [0, 6, 16, 16], "texture": "#s", "cullface": "south"}
			}
		},
		{
			"from": [0, -5.05, 15.75],
			"to": [16, 4.95, 15.75],
			"rotation": {"angle": -22.5, "axis": "x", "origin": [8.005, 7.25, 8]},
			"faces": {
				"north": {"uv": [0, 6, 16, 16], "texture": "#s", "cullface": "south"},
				"south": {"uv": [0, 6, 16, 16], "texture": "#s", "cullface": "south"}
			}
		},
		{
			"from": [17.75, -3.75, 0],
			"to": [17.75, 6.25, 16],
			"rotation": {"angle": 22.5, "axis": "z", "origin": [0, 5, 0]},
			"faces": {
				"east": {"uv": [0, 6, 16, 16], "texture": "#s", "cullface": "east"},
				"west": {"uv": [0, 6, 16, 16], "texture": "#s", "cullface": "east"}
			}
		},
		{
			"from": [17.75, -8.5, 0],
			"to": [17.75, 1.5, 16],
			"rotation": {"angle": 22.5, "axis": "z", "origin": [0, 0.25, 0]},
			"faces": {
				"east": {"uv": [0, 6, 16, 16], "texture": "#s", "cullface": "east"},
				"west": {"uv": [0, 6, 16, 16], "texture": "#s", "cullface": "east"}
			}
		},
		{
			"from": [0.005, -0.25, 0.245],
			"to": [16.005, 9.75, 0.245],
			"rotation": {"angle": 22.5, "axis": "x", "origin": [8.005, 12, 8]},
			"faces": {
				"north": {"uv": [0, 6, 16, 16], "texture": "#s", "cullface": "north"},
				"south": {"uv": [0, 6, 16, 16], "texture": "#s", "cullface": "north"}
			}
		},
		{
			"from": [0.005, -5, 0.245],
			"to": [16.005, 5, 0.245],
			"rotation": {"angle": 22.5, "axis": "x", "origin": [8.005, 7.25, 8]},
			"faces": {
				"north": {"uv": [0, 6, 16, 16], "texture": "#s", "cullface": "north"},
				"south": {"uv": [0, 6, 16, 16], "texture": "#s", "cullface": "north"}
			}
		},
		{
			"from": [0, 8, 0],
			"to": [16, 16, 0.01],
			"faces": {
				"north": {"uv": [0, 0, 16, 8], "texture": "#s", "cullface": "north"},
				"south": {"uv": [16, 0, 0, 11], "texture": "#s"}
			}
		},
		{
			"from": [0, 8, 15.99],
			"to": [16, 16, 16],
			"faces": {
				"north": {"uv": [16, 0, 0, 11], "texture": "#s"},
				"south": {"uv": [0, 0, 16, 8], "texture": "#s", "cullface": "south"}
			}
		},
		{
			"from": [0, 8, 0],
			"to": [0.01, 16, 16],
			"faces": {
				"east": {"uv": [16, 0, 0, 11], "texture": "#s"},
				"west": {"uv": [0, 0, 16, 8], "texture": "#s", "cullface": "west"}
			}
		},
		{
			"from": [15.99, 8, 0],
			"to": [16, 16, 16],
			"faces": {
				"east": {"uv": [0, 0, 16, 8], "texture": "#s", "cullface": "east"},
				"west": {"uv": [16, 0, 0, 11], "texture": "#s"}
			}
		},
		{
			"from": [0.1, 0, 8],
			"to": [15.9, 15.9, 8],
			"rotation": {"angle": 45, "axis": "y", "origin": [8, 8, 8], "rescale": true},
			"faces": {
				"north": {"uv": [0, 0, 16, 16], "texture": "#p"},
				"south": {"uv": [0, 0, 16, 16], "texture": "#p"}
			}
		},
		{
			"from": [8, 0, 0.1],
			"to": [8, 15.9, 15.9],
			"rotation": {"angle": 45, "axis": "y", "origin": [8, 8, 8], "rescale": true},
			"faces": {
				"east": {"uv": [0, 0, 16, 16], "texture": "#p"},
				"west": {"uv": [0, 0, 16, 16], "texture": "#p"}
			}
		}
	]
}