{
	"multipart": [
		{"apply": {"model": "block/flowering_azalea_leaves"}},
		{"apply": [
			{"model": "block/ext_flowering_azalea_leaves1"},
			{"model": "block/ext_flowering_azalea_leaves2"},
			{"model": "block/ext_flowering_azalea_leaves1", "y": 90},
			{"model": "block/ext_flowering_azalea_leaves2", "y": 90}]
		},
		{"apply": [
			{"model": "block/ext_flowering_azalea_leaves2", "y": 90},
			{"model": "block/ext_flowering_azalea_leaves1", "y": 90},
			{"model": "block/ext_flowering_azalea_leaves1"},
			{"model": "block/ext_flowering_azalea_leaves2"}]
		}
	]
}