{
	"credit": "Made with Blockbench",
	"parent": "block/block",
	"textures": {
		"0": "block/herobrine",
		"1": "block/stone",
		"particle": "block/stone"
	},
	"elements": [
		{
			"name": "block",
			"from": [0, 0, 0],
			"to": [16, 16, 16],
			"faces": {
				"north": {"uv": [0, 0, 16, 16], "texture": "#1", "cullface": "north"},
				"east": {"uv": [0, 0, 16, 16], "texture": "#1", "cullface": "east"},
				"south": {"uv": [0, 0, 16, 16], "texture": "#1", "cullface": "south"},
				"west": {"uv": [0, 0, 16, 16], "texture": "#1", "cullface": "west"},
				"up": {"uv": [0, 0, 16, 16], "texture": "#1", "cullface": "up"},
				"down": {"uv": [0, 0, 16, 16], "texture": "#1", "cullface": "down"}
			}
		},
		{
			"name": "head",
			"from": [-10, 7.1, 4],
			"to": [-2, 15.1, 12],
			"faces": {
				"north": {"uv": [2, 2, 4, 4], "texture": "#0"},
				"east": {"uv": [0, 2, 2, 4], "texture": "#0"},
				"south": {"uv": [6, 2, 8, 4], "texture": "#0"},
				"west": {"uv": [4, 2, 6, 4], "texture": "#0"},
				"up": {"uv": [2, 0, 4, 2], "texture": "#0"},
				"down": {"uv": [4, 0, 6, 2], "texture": "#0"}
			}
		},
		{
			"name": "body",
			"from": [-7.5, -4.5, 4],
			"to": [-3.5, 7.5, 12],
			"faces": {
				"east": {"uv": [8, 5, 10, 8], "texture": "#0", "cullface": "west"},
				"west": {"uv": [5, 5, 7, 8], "texture": "#0", "cullface": "west"}
			}
		},
		{
			"name": "right_arm",
			"from": [-7.5, -4.5, 0.25],
			"to": [-3.5, 7.5, 4],
			"faces": {
				"north": {"uv": [13, 5, 14, 8], "texture": "#0", "cullface": "west"},
				"east": {"uv": [13, 5, 14, 8], "texture": "#0", "cullface": "west"},
				"west": {"uv": [11, 5, 12, 8], "texture": "#0", "cullface": "west"},
				"up": {"uv": [11, 4, 12, 5], "rotation": 270, "texture": "#0", "cullface": "west"},
				"down": {"uv": [12, 4, 13, 5], "rotation": 90, "texture": "#0", "cullface": "west"}
			}
		},
		{
			"name": "left_arm",
			"from": [-7.5, -4.5, 12],
			"to": [-3.5, 7.5, 15.75],
			"faces": {
				"east": {"uv": [11, 13, 12, 16], "texture": "#0", "cullface": "west"},
				"south": {"uv": [10, 13, 11, 16], "texture": "#0", "cullface": "west"},
				"west": {"uv": [9, 13, 10, 16], "texture": "#0", "cullface": "west"},
				"up": {"uv": [9, 12, 10, 13], "rotation": 270, "texture": "#0", "cullface": "west"},
				"down": {"uv": [10, 12, 11, 13], "rotation": 90, "texture": "#0", "cullface": "west"}
			}
		},
		{
			"name": "left_leg",
			"from": [-7.5, -16, 8],
			"to": [-3.5, -4.5, 12],
			"faces": {
				"east": {"uv": [7, 13, 8, 16], "texture": "#0", "cullface": "west"},
				"south": {"uv": [6, 13, 7, 16], "texture": "#0", "cullface": "west"},
				"west": {"uv": [5, 13, 6, 16], "texture": "#0", "cullface": "west"},
				"down": {"uv": [6, 12, 7, 13], "rotation": 90, "texture": "#0", "cullface": "west"}
			}
		},
		{
			"name": "right_leg",
			"from": [-7.5, -16, 4],
			"to": [-3.5, -4.5, 8],
			"faces": {
				"north": {"uv": [0, 5, 1, 8], "texture": "#0", "cullface": "west"},
				"east": {"uv": [3, 5, 4, 8], "texture": "#0", "cullface": "west"},
				"west": {"uv": [1, 5, 2, 8], "texture": "#0", "cullface": "west"},
				"down": {"uv": [2, 4, 3, 5], "rotation": 90, "texture": "#0", "cullface": "west"}
			}
		}
	],
	"groups": [
		0,
		{
			"name": "herobrine",
			"origin": [0, 0, 0],
			"color": 0,
			"children": [1, 2, 3, 4, 5, 6]
		}
	]
}