{
	"credit": "Made with Blockbench",
	"ambientocclusion": true,
	"texture_size": [64, 32],
	"textures": {
		"particle": "#sign"
	},
	"elements": [
		{
			"from": [-0.25, 4.3333, 14.2333],
			"to": [0.1, 12.3333, 15.76663],
			"rotation": {"angle": 0, "axis": "y", "origin": [8, 3, 15]},
			"faces": {
				"north": {"uv": [0, 8, 0.0875, 12], "texture": "#sign"},
				"east": {"uv": [0.625, 8, 1.00833, 12], "texture": "#sign"},
				"south": {"uv": [0.5, 8, 0.5875, 12], "texture": "#sign"},
				"west": {"uv": [0.125, 8, 0.50833, 12], "texture": "#sign", "cullface": "west"}
			}
		},
		{
			"from": [16, 4.3333, 14.2333],
			"to": [16.35, 12.3333, 15.76663],
			"rotation": {"angle": 0, "axis": "y", "origin": [8, 3, 15]},
			"faces": {
				"north": {"uv": [0, 8, 0.0875, 12], "texture": "#sign", "cullface": "east"},
				"east": {"uv": [0.625, 8, 1.00833, 12], "texture": "#sign", "cullface": "east"},
				"south": {"uv": [0.5, 8, 0.5875, 12], "texture": "#sign", "cullface": "east"},
				"west": {"uv": [0.125, 8, 0.50833, 12], "texture": "#sign", "cullface": "east"}
			}
		},
		{
			"from": [-0.5, 3.4, 14],
			"to": [16.5, 4.4, 16],
			"faces": {
				"north": {"uv": [0, 8, 0.5, 15], "rotation": 90, "texture": "#sign"},
				"east": {"uv": [1, 14, 1.5, 15], "rotation": 90, "texture": "#sign", "cullface": "east"},
				"south": {"uv": [1.5, 8, 2, 15], "rotation": 90, "texture": "#sign", "cullface": "south"},
				"west": {"uv": [0.5, 14, 1, 15], "rotation": 90, "texture": "#sign", "cullface": "west"},
				"up": {"uv": [0, 8, 0.5, 15], "rotation": 90, "texture": "#sign"},
				"down": {"uv": [1.5, 8, 2, 15], "rotation": 90, "texture": "#sign"}
			}
		},
		{
			"from": [-0.5, 12.3, 14],
			"to": [16.5, 13.3, 16],
			"faces": {
				"north": {"uv": [0, 8, 0.5, 15], "rotation": 90, "texture": "#sign"},
				"east": {"uv": [1, 14, 1.5, 15], "rotation": 90, "texture": "#sign", "cullface": "east"},
				"south": {"uv": [1.5, 8, 2, 15], "rotation": 90, "texture": "#sign", "cullface": "south"},
				"west": {"uv": [0.5, 14, 1, 15], "rotation": 90, "texture": "#sign", "cullface": "west"},
				"up": {"uv": [0, 8, 0.5, 15], "rotation": 90, "texture": "#sign"},
				"down": {"uv": [1.5, 8, 2, 15], "rotation": 90, "texture": "#sign"}
			}
		},
		{
			"from": [0, 4.3333, 14.3333],
			"to": [16, 12.3333, 15.66663],
			"rotation": {"angle": 0, "axis": "y", "origin": [8, 3, 15]},
			"faces": {
				"north": {"uv": [0.5, 1, 6.5, 7], "texture": "#sign"},
				"south": {"uv": [7, 1, 13, 7], "texture": "#sign"}
			}
		},
		{
			"from": [7.5, 7, 15.5],
			"to": [8.5, 9, 21.5],
			"faces": {
				"east": {"uv": [0, 12, 0.5, 15], "rotation": 270, "texture": "#sign", "cullface": "east"},
				"south": {"uv": [0.5, 14, 0.75, 15], "rotation": 180, "texture": "#sign", "cullface": "south"},
				"west": {"uv": [1.5, 12, 2, 15], "rotation": 270, "texture": "#sign", "cullface": "south"},
				"up": {"uv": [0, 10, 0.5, 13], "rotation": 270, "texture": "#sign"},
				"down": {"uv": [1.5, 10, 2, 13], "rotation": 270, "texture": "#sign"}
			}
		},
		{
			"from": [6, 6.5, 21],
			"to": [10, 8.5, 22],
			"faces": {
				"north": {"uv": [1.5, 13, 2, 15], "rotation": 90, "texture": "#sign", "cullface": "south"},
				"east": {"uv": [1, 14, 1.25, 15], "texture": "#sign", "cullface": "south"},
				"south": {"uv": [0, 13, 0.5, 15], "rotation": 90, "texture": "#sign", "cullface": "south"},
				"west": {"uv": [0.5, 14, 0.75, 15], "rotation": 180, "texture": "#sign", "cullface": "south"},
				"up": {"uv": [0, 8, 0.5, 15], "rotation": 270, "texture": "#sign", "cullface": "south"},
				"down": {"uv": [1.5, 8, 2, 15], "rotation": 90, "texture": "#sign", "cullface": "south"}
			}
		}
	]
}