{
	"credit": "Made with Blockbench",
	"ambientocclusion": false,
	"textures": {
		"0": "block/bamboo_small_leaves",
		"particle": "block/bamboo_stalk"
	},
	"elements": [
		{
			"from": [8, 0, 0.8],
			"to": [8, 16, 15.2],
			"shade": false,
			"rotation": {"angle": 0, "axis": "y", "origin": [8, 1, 8]},
			"faces": {
				"east": {"uv": [0, 0, 16, 16], "texture": "#0", "tintindex": 0},
				"west": {"uv": [0, 0, 16, 16], "texture": "#0", "tintindex": 0}
			}
		},
		{
			"from": [1, 0, 8],
			"to": [15.4, 16, 8],
			"shade": false,
			"rotation": {"angle": 0, "axis": "y", "origin": [8, 1, 8]},
			"faces": {
				"north": {"uv": [0, 0, 16, 16], "texture": "#0", "tintindex": 0},
				"south": {"uv": [0, 0, 16, 16], "texture": "#0", "tintindex": 0}
			}
		},
		{
			"from": [0.8, -0.97183, 1.28553],
			"to": [15.2, 14.02817, 1.28553],
			"shade": false,
			"rotation": {"angle": 22.5, "axis": "x", "origin": [8, 3, 8]},
			"faces": {
				"north": {"uv": [0, 0, 16, 15], "texture": "#0", "tintindex": 0},
				"south": {"uv": [0, 0, 16, 15], "texture": "#0", "tintindex": 0}
			}
		},
		{
			"from": [1.28553, -0.97183, 0.8],
			"to": [1.28553, 14.02817, 15.2],
			"shade": false,
			"rotation": {"angle": -22.5, "axis": "z", "origin": [8, 3, 8]},
			"faces": {
				"east": {"uv": [0, 0, 16, 15], "texture": "#0", "tintindex": 0},
				"west": {"uv": [0, 0, 16, 15], "texture": "#0", "tintindex": 0}
			}
		},
		{
			"from": [0.8, -0.97183, 14.71447],
			"to": [15.2, 14.02817, 14.71447],
			"shade": false,
			"rotation": {"angle": -22.5, "axis": "x", "origin": [8, 3, 8]},
			"faces": {
				"north": {"uv": [0, 0, 16, 15], "texture": "#0", "tintindex": 0},
				"south": {"uv": [0, 0, 16, 15], "texture": "#0", "tintindex": 0}
			}
		},
		{
			"from": [14.71447, -0.97183, 0.8],
			"to": [14.71447, 14.02817, 15.2],
			"shade": false,
			"rotation": {"angle": 22.5, "axis": "z", "origin": [8, 3, 8]},
			"faces": {
				"east": {"uv": [0, 0, 16, 15], "texture": "#0", "tintindex": 0},
				"west": {"uv": [0, 0, 16, 15], "texture": "#0", "tintindex": 0}
			}
		}
	]
}