{
	"credit": "Made with Blockbench",
	"parent": "minecraft:block/tinted_cross",
	"textures": {
		"0": "block/fern",
		"particle": "#0"
	},
	"elements": [
		{
			"from": [0, 4.5, -0.3],
			"to": [16, 4.5, 10.7],
			"shade": false,
			"rotation": {"angle": -45, "axis": "x", "origin": [8, 8.25, 8], "rescale": true},
			"faces": {
				"up": {"uv": [0, 6, 16, 16], "rotation": 180, "texture": "#0", "tintindex": 0},
				"down": {"uv": [0, 6, 16, 16], "texture": "#0", "tintindex": 0}
			}
		},
		{
			"from": [-3.85, 5.2, 0],
			"to": [3.15, 5.2, 16],
			"shade": false,
			"rotation": {"angle": -22.5, "axis": "z", "origin": [8, 8.25, 8], "rescale": true},
			"faces": {
				"up": {"uv": [0, 0, 16, 6], "rotation": 270, "texture": "#0", "tintindex": 0},
				"down": {"uv": [0, 0, 16, 6], "rotation": 270, "texture": "#0", "tintindex": 0}
			}
		},
		{
			"from": [5.3, 4.5, 0],
			"to": [16.3, 4.5, 16],
			"shade": false,
			"rotation": {"angle": -45, "axis": "z", "origin": [8, 8.25, 8], "rescale": true},
			"faces": {
				"up": {"uv": [0, 6, 16, 16], "rotation": 270, "texture": "#0", "tintindex": 0},
				"down": {"uv": [0, 6, 16, 16], "rotation": 270, "texture": "#0", "tintindex": 0}
			}
		},
		{
			"from": [-0.3, 4.5, 0],
			"to": [10.7, 4.5, 16],
			"shade": false,
			"rotation": {"angle": 45, "axis": "z", "origin": [8, 8.25, 8], "rescale": true},
			"faces": {
				"up": {"uv": [0, 6, 16, 16], "rotation": 90, "texture": "#0", "tintindex": 0},
				"down": {"uv": [0, 6, 16, 16], "rotation": 90, "texture": "#0", "tintindex": 0}
			}
		},
		{
			"from": [12.9, 5.2, 0],
			"to": [18.9, 5.2, 16],
			"shade": false,
			"rotation": {"angle": 22.5, "axis": "z", "origin": [8, 8.25, 8], "rescale": true},
			"faces": {
				"up": {"uv": [0, 0, 16, 6], "rotation": 90, "texture": "#0", "tintindex": 0},
				"down": {"uv": [0, 0, 16, 6], "rotation": 90, "texture": "#0", "tintindex": 0}
			}
		},
		{
			"from": [0, 5.2, 12.9],
			"to": [16, 5.2, 19.9],
			"shade": false,
			"rotation": {"angle": -22.5, "axis": "x", "origin": [8, 8.25, 8], "rescale": true},
			"faces": {
				"up": {"uv": [0, 0, 16, 6], "rotation": 180, "texture": "#0", "tintindex": 0},
				"down": {"uv": [0, 0, 16, 6], "texture": "#0", "tintindex": 0}
			}
		},
		{
			"from": [0, 5.15, -2.8],
			"to": [16, 5.15, 3.2],
			"shade": false,
			"rotation": {"angle": 22.5, "axis": "x", "origin": [8, 8.25, 8], "rescale": true},
			"faces": {
				"up": {"uv": [0, 0, 16, 6], "texture": "#0", "tintindex": 0},
				"down": {"uv": [0, 0, 16, 6], "rotation": 180, "texture": "#0", "tintindex": 0}
			}
		},
		{
			"from": [0, 4.5, 5.4],
			"to": [16, 4.5, 16.4],
			"shade": false,
			"rotation": {"angle": 45, "axis": "x", "origin": [8, 8.25, 8], "rescale": true},
			"faces": {
				"up": {"uv": [0, 6, 16, 16], "texture": "#0", "tintindex": 0},
				"down": {"uv": [0, 6, 16, 16], "rotation": 180, "texture": "#0", "tintindex": 0}
			}
		},
		{
			"from": [0.8, 0, 8],
			"to": [15.2, 16, 8],
			"shade": false,
			"rotation": {"angle": 45, "axis": "y", "origin": [8, 8.25, 8], "rescale": true},
			"faces": {
				"north": {"uv": [0, 0, 16, 16], "texture": "#0", "tintindex": 0},
				"south": {"uv": [0, 0, 16, 16], "texture": "#0", "tintindex": 0}
			}
		},
		{
			"from": [8, 0, 0.8],
			"to": [8, 16, 15.2],
			"shade": false,
			"rotation": {"angle": 45, "axis": "y", "origin": [8, 8.25, 8], "rescale": true},
			"faces": {
				"east": {"uv": [0, 0, 16, 16], "texture": "#0", "tintindex": 0},
				"west": {"uv": [0, 0, 16, 16], "texture": "#0", "tintindex": 0}
			}
		}
	]
}