{
	"credit": "Made with Blockbench",
	"parent": "minecraft:block/tinted_cross",
	"textures": {
		"b": "block/dirt",
		"1": "block/flower_pot",
		"particle": "#1",
		"0": "block/fern"
	},
	"elements": [
		{
			"from": [4.8, 9, 4.25],
			"to": [11.6, 17, 4.25],
			"shade": false,
			"rotation": {"angle": -45, "axis": "x", "origin": [10, 13.5, 8], "rescale": true},
			"faces": {
				"north": {"uv": [2, 0, 14, 8], "texture": "#0", "tintindex": 0},
				"south": {"uv": [2, 0, 14, 8], "texture": "#0", "tintindex": 0}
			}
		},
		{
			"from": [11.75, 9, 4.8],
			"to": [11.75, 17, 11.6],
			"shade": false,
			"rotation": {"angle": -45, "axis": "z", "origin": [8, 13.5, 10], "rescale": true},
			"faces": {
				"east": {"uv": [2, 0, 14, 8], "texture": "#0", "tintindex": 0},
				"west": {"uv": [2, 0, 14, 8], "texture": "#0", "tintindex": 0}
			}
		},
		{
			"from": [4.8, 9, 11.75],
			"to": [11.6, 17, 11.75],
			"shade": false,
			"rotation": {"angle": 45, "axis": "x", "origin": [10, 13.5, 8], "rescale": true},
			"faces": {
				"north": {"uv": [2, 0, 14, 8], "texture": "#0", "tintindex": 0},
				"south": {"uv": [2, 0, 14, 8], "texture": "#0", "tintindex": 0}
			}
		},
		{
			"from": [4.25, 9, 4.8],
			"to": [4.25, 17, 11.6],
			"shade": false,
			"rotation": {"angle": 45, "axis": "z", "origin": [8, 13.5, 10], "rescale": true},
			"faces": {
				"east": {"uv": [2, 0, 14, 8], "texture": "#0", "tintindex": 0},
				"west": {"uv": [2, 0, 14, 8], "texture": "#0", "tintindex": 0}
			}
		},
		{
			"from": [5, 0, 5],
			"to": [6, 6, 11],
			"faces": {
				"north": {"uv": [10, 10, 11, 16], "texture": "#1"},
				"east": {"uv": [5, 10, 11, 16], "texture": "#1"},
				"south": {"uv": [5, 10, 6, 16], "texture": "#1"},
				"west": {"uv": [5, 10, 11, 16], "texture": "#1"},
				"up": {"uv": [5, 5, 6, 11], "texture": "#1"},
				"down": {"uv": [5, 5, 6, 11], "texture": "#1", "cullface": "down"}
			}
		},
		{
			"from": [10, 0, 5],
			"to": [11, 6, 11],
			"faces": {
				"north": {"uv": [5, 10, 6, 16], "texture": "#1"},
				"east": {"uv": [5, 10, 11, 16], "texture": "#1"},
				"south": {"uv": [10, 10, 11, 16], "texture": "#1"},
				"west": {"uv": [5, 10, 11, 16], "texture": "#1"},
				"up": {"uv": [10, 5, 11, 11], "texture": "#1"},
				"down": {"uv": [10, 5, 11, 11], "texture": "#1", "cullface": "down"}
			}
		},
		{
			"from": [6, 0, 5],
			"to": [10, 6, 6],
			"faces": {
				"north": {"uv": [6, 10, 10, 16], "texture": "#1"},
				"south": {"uv": [6, 10, 10, 16], "texture": "#1"},
				"up": {"uv": [6, 5, 10, 6], "texture": "#1"},
				"down": {"uv": [6, 10, 10, 11], "texture": "#1", "cullface": "down"}
			}
		},
		{
			"from": [6, 0, 10],
			"to": [10, 6, 11],
			"faces": {
				"north": {"uv": [6, 10, 10, 16], "texture": "#1"},
				"south": {"uv": [6, 10, 10, 16], "texture": "#1"},
				"up": {"uv": [6, 10, 10, 11], "texture": "#1"},
				"down": {"uv": [6, 5, 10, 6], "texture": "#1", "cullface": "down"}
			}
		},
		{
			"from": [6, 0, 6],
			"to": [10, 4, 10],
			"faces": {
				"up": {"uv": [6, 6, 10, 10], "texture": "#b"},
				"down": {"uv": [6, 12, 10, 16], "texture": "#1", "cullface": "down"}
			}
		},
		{
			"from": [2.8, 4, 8],
			"to": [13.6, 16, 8],
			"shade": false,
			"rotation": {"angle": 45, "axis": "y", "origin": [8, 8.25, 8], "rescale": true},
			"faces": {
				"north": {"uv": [0, 0, 16, 16], "texture": "#0", "tintindex": 0},
				"south": {"uv": [0, 0, 16, 16], "texture": "#0", "tintindex": 0}
			}
		},
		{
			"from": [8, 4, 2.8],
			"to": [8, 16, 13.6],
			"shade": false,
			"rotation": {"angle": 45, "axis": "y", "origin": [8, 8.25, 8], "rescale": true},
			"faces": {
				"east": {"uv": [0, 0, 16, 16], "texture": "#0", "tintindex": 0},
				"west": {"uv": [0, 0, 16, 16], "texture": "#0", "tintindex": 0}
			}
		}
	]
}