{
	"variants": {
		"": [
		{"model": "byg:block/rose"},
		{"model": "byg:block/rose_1"},
		{"model": "byg:block/rose_1", "y": 90},
		{"model": "byg:block/rose_1", "y": 180},
		{"model": "byg:block/rose_1", "y": 270},
		{"model": "byg:block/rose_2"},
		{"model": "byg:block/rose_2", "y": 90},
		{"model": "byg:block/rose_2", "y": 180},
		{"model": "byg:block/rose_2", "y": 270},
		{"model": "byg:block/rose_3"},
		{"model": "byg:block/rose_3", "y": 90},
		{"model": "byg:block/rose_3", "y": 180},
		{"model": "byg:block/rose_3", "y": 270},
		{"model": "byg:block/rose_4"},
		{"model": "byg:block/rose_4", "y": 90},
		{"model": "byg:block/rose_4", "y": 180},
		{"model": "byg:block/rose_4", "y": 270},
		{"model": "byg:block/rose_5"}]
	}
}