{
	"variants": {
		"": [
		{ "model": "byg:block/tiny_lilypads" },
		{ "model": "byg:block/tiny_lilypads", "y": 90 },
		{ "model": "byg:block/tiny_lilypads", "y": 180 },
		{ "model": "byg:block/tiny_lilypads", "y": 270 },
		{ "model": "byg:block/tiny_lilypads1" },
		{ "model": "byg:block/tiny_lilypads1", "y": 90 },
		{ "model": "byg:block/tiny_lilypads1", "y": 180 },
		{ "model": "byg:block/tiny_lilypads1", "y": 270 },
		{ "model": "byg:block/tiny_lilypads2" },
		{ "model": "byg:block/tiny_lilypads2", "y": 90 },
		{ "model": "byg:block/tiny_lilypads2", "y": 180 },
		{ "model": "byg:block/tiny_lilypads2", "y": 270 },
		{ "model": "byg:block/tiny_lilypads3" },
		{ "model": "byg:block/tiny_lilypads3", "y": 90 },
		{ "model": "byg:block/tiny_lilypads3", "y": 180 },
		{ "model": "byg:block/tiny_lilypads3", "y": 270 }]
	}
}