{
	"credit": "Made with Blockbench",
	"parent": "minecraft:block/tinted_cross",
	"ambientocclusion": false,
	"textures": {
		"0": "minecraft:block/kelp",
		"1": "minecraft:block/kelp_plant",
		"particle": "#0"
	},
	"elements": [
		{
			"from": [12, 2, 0.8],
			"to": [12, 14, 15.2],
			"shade": false,
			"rotation": {"angle": -22.5, "axis": "z", "origin": [8, 8.25, 8]},
			"faces": {
				"east": {"uv": [0, 0, 16, 16], "texture": "#1"},
				"west": {"uv": [0, 0, 16, 12], "texture": "#1"}
			}
		},
		{
			"from": [14.75, 6.75, 0.8],
			"to": [24.75, 6.75, 15.2],
			"shade": false,
			"rotation": {"angle": 45, "axis": "z", "origin": [8, 8.25, 8]},
			"faces": {
				"up": {"uv": [0, 6, 16, 16], "rotation": 90, "texture": "#0"},
				"down": {"uv": [0, 6, 16, 16], "rotation": 90, "texture": "#0"}
			}
		},
		{
			"from": [4, 2, 0.8],
			"to": [4, 14, 15.2],
			"shade": false,
			"rotation": {"angle": 22.5, "axis": "z", "origin": [8, 8.25, 8]},
			"faces": {
				"east": {"uv": [0, 0, 16, 12], "texture": "#1"},
				"west": {"uv": [0, 0, 16, 12], "texture": "#1"}
			}
		},
		{
			"from": [6.5, 15, 0.8],
			"to": [6.5, 25, 15.2],
			"shade": false,
			"rotation": {"angle": 45, "axis": "z", "origin": [8, 8.25, 8]},
			"faces": {
				"east": {"uv": [0, 6, 16, 16], "texture": "#0"},
				"west": {"uv": [0, 6, 16, 16], "texture": "#0"}
			}
		},
		{
			"from": [0.8, 15, 6.5],
			"to": [15.2, 25, 6.5],
			"shade": false,
			"rotation": {"angle": -45, "axis": "x", "origin": [8, 8.25, 8]},
			"faces": {
				"north": {"uv": [0, 6, 16, 16], "texture": "#0"},
				"south": {"uv": [0, 6, 16, 16], "texture": "#0"}
			}
		},
		{
			"from": [0.8, 2, 4],
			"to": [15.2, 14, 4],
			"shade": false,
			"rotation": {"angle": -22.5, "axis": "x", "origin": [8, 8.25, 8]},
			"faces": {
				"north": {"uv": [0, 0, 16, 16], "texture": "#1"},
				"south": {"uv": [0, 0, 16, 12], "texture": "#1"}
			}
		},
		{
			"from": [0.8, 15, 9.5],
			"to": [15.2, 25, 9.5],
			"shade": false,
			"rotation": {"angle": 45, "axis": "x", "origin": [8, 8.25, 8]},
			"faces": {
				"north": {"uv": [0, 6, 16, 16], "texture": "#0"},
				"south": {"uv": [0, 6, 16, 16], "texture": "#0"}
			}
		},
		{
			"from": [0.8, 2, 12],
			"to": [15.2, 14, 12],
			"shade": false,
			"rotation": {"angle": 22.5, "axis": "x", "origin": [8, 8.25, 8]},
			"faces": {
				"north": {"uv": [0, 0, 16, 12], "texture": "#1"},
				"south": {"uv": [0, 0, 16, 12], "texture": "#1"}
			}
		},
		{
			"from": [0.8, 0.25, 8],
			"to": [15.2, 16.25, 8],
			"shade": false,
			"rotation": {"angle": 45, "axis": "y", "origin": [8, 8.25, 8], "rescale": true},
			"faces": {
				"north": {"uv": [0, 0, 16, 16], "texture": "#0"},
				"south": {"uv": [0, 0, 16, 16], "texture": "#0"}
			}
		},
		{
			"from": [8, 0.25, 0.8],
			"to": [8, 16.25, 15.2],
			"shade": false,
			"rotation": {"angle": 45, "axis": "y", "origin": [8, 8.25, 8], "rescale": true},
			"faces": {
				"east": {"uv": [0, 0, 16, 16], "texture": "#0"},
				"west": {"uv": [0, 0, 16, 16], "texture": "#0"}
			}
		}
	],
	"groups": [
		{
			"name": "group",
			"origin": [8, 8, 8],
			"children": [
				{
					"name": "group",
					"origin": [8, 8, 8],
					"children": [0, 1]
				},
				{
					"name": "group",
					"origin": [8, 8, 8],
					"children": [2, 3]
				},
				{
					"name": "group",
					"origin": [8, 8, 8],
					"children": [4, 5]
				},
				{
					"name": "group",
					"origin": [8, 8, 8],
					"children": [6, 7]
				},
				{
					"name": "tinted_cross",
					"origin": [8, 8, 8],
					"children": [8, 9]
				}
			]
		}
	]
}