{
	"credit": "Made with Blockbench",
	"parent": "block/tinted_cross",
	"ambientocclusion": false,
	"textures": {
		"cross": "block/sugar_cane",
		"particle": "#cross"
	},
	"elements": [
		{
			"from": [0.8, -1, 8],
			"to": [15.2, 15, 8],
			"shade": false,
			"rotation": {"angle": 45, "axis": "y", "origin": [8, 8, 8], "rescale": true},
			"faces": {
				"north": {"uv": [0, 0, 16, 16], "texture": "#cross", "tintindex": 0},
				"south": {"uv": [0, 0, 16, 16], "texture": "#cross", "tintindex": 0}
			}
		},
		{
			"from": [8, -4, 0.8],
			"to": [8, 12, 15.2],
			"shade": false,
			"rotation": {"angle": 45, "axis": "y", "origin": [8, 8, 8], "rescale": true},
			"faces": {
				"east": {"uv": [0, 0, 16, 16], "texture": "#cross", "tintindex": 0},
				"west": {"uv": [0, 0, 16, 16], "texture": "#cross", "tintindex": 0}
			}
		}
	]
}