{
	"credit": "Made with Blockbench",
	"parent": "block/block",
	"ambientocclusion": false,
	"textures": {
		"particle": "block/azalea_plant",
		"plant": "block/azalea_plant"
	},
	"elements": [
		{
			"from": [0, 16, 0],
			"to": [16, 16, 16],
			"faces": {
				"up": {"uv": [0, 0, 16, 16], "texture": "#top", "cullface": "up"},
				"down": {"uv": [0, 16, 16, 0], "texture": "#top"}
			}
		},
		{
			"from": [-3, 4.5, 0],
			"to": [-2.99, 7.5, 16],
			"rotation": {"angle": -22.5, "axis": "z", "origin": [0, 0, 0]},
			"faces": {
				"east": {"uv": [16, 0, 0, 11], "texture": "#side"},
				"west": {"uv": [0, 8, 16, 11], "texture": "#side", "cullface": "north"}
			}
		},
		{
			"from": [-3, 9.5, 0],
			"to": [-2.99, 12.5, 16],
			"rotation": {"angle": -22.5, "axis": "z", "origin": [0, 5, 0]},
			"faces": {
				"east": {"uv": [16, 0, 0, 11], "texture": "#side"},
				"west": {"uv": [0, 8, 16, 11], "texture": "#side", "cullface": "north"}
			}
		},
		{
			"from": [0.005, 2, 15.745],
			"to": [16.005, 5, 15.755],
			"rotation": {"angle": -22.5, "axis": "x", "origin": [8.005, 7, 8]},
			"faces": {
				"north": {"uv": [16, 0, 0, 11], "texture": "#side"},
				"south": {"uv": [0, 8, 16, 11], "texture": "#side", "cullface": "north"}
			}
		},
		{
			"from": [0.005, 7, 15.745],
			"to": [16.005, 10, 15.755],
			"rotation": {"angle": -22.5, "axis": "x", "origin": [8.005, 12, 8]},
			"faces": {
				"north": {"uv": [16, 0, 0, 11], "texture": "#side"},
				"south": {"uv": [0, 8, 16, 11], "texture": "#side", "cullface": "north"}
			}
		},
		{
			"from": [17.75, -1.5, 0],
			"to": [17.76, 1.5, 16],
			"rotation": {"angle": 22.5, "axis": "z", "origin": [0, 0, 0]},
			"faces": {
				"east": {"uv": [16, 8, 0, 11], "texture": "#side"},
				"west": {"uv": [0, 8, 16, 11], "texture": "#side", "cullface": "north"}
			}
		},
		{
			"from": [17.75, 3.5, 0],
			"to": [17.76, 6.5, 16],
			"rotation": {"angle": 22.5, "axis": "z", "origin": [0, 5, 0]},
			"faces": {
				"east": {"uv": [16, 8, 0, 11], "texture": "#side"},
				"west": {"uv": [0, 8, 16, 11], "texture": "#side", "cullface": "north"}
			}
		},
		{
			"from": [0.005, 2, 0.245],
			"to": [16.005, 5, 0.255],
			"rotation": {"angle": 22.5, "axis": "x", "origin": [8.005, 7, 8]},
			"faces": {
				"north": {"uv": [16, 8, 0, 11], "texture": "#side"},
				"south": {"uv": [0, 8, 16, 11], "texture": "#side", "cullface": "north"}
			}
		},
		{
			"from": [0.005, 7, 0.245],
			"to": [16.005, 10, 0.255],
			"rotation": {"angle": 22.5, "axis": "x", "origin": [8.005, 12, 8]},
			"faces": {
				"north": {"uv": [16, 8, 0, 11], "texture": "#side"},
				"south": {"uv": [0, 8, 16, 11], "texture": "#side", "cullface": "north"}
			}
		},
		{
			"from": [0, 8, 0],
			"to": [16, 16, 0.01],
			"faces": {
				"north": {"uv": [0, 0, 16, 8], "texture": "#side", "cullface": "north"},
				"south": {"uv": [16, 0, 0, 11], "texture": "#side"}
			}
		},
		{
			"from": [0, 8, 15.99],
			"to": [16, 16, 16],
			"faces": {
				"north": {"uv": [16, 0, 0, 11], "texture": "#side"},
				"south": {"uv": [0, 0, 16, 8], "texture": "#side", "cullface": "south"}
			}
		},
		{
			"from": [0, 8, 0],
			"to": [0.01, 16, 16],
			"faces": {
				"east": {"uv": [16, 0, 0, 11], "texture": "#side"},
				"west": {"uv": [0, 0, 16, 8], "texture": "#side", "cullface": "west"}
			}
		},
		{
			"from": [15.99, 8, 0],
			"to": [16, 16, 16],
			"faces": {
				"east": {"uv": [0, 0, 16, 8], "texture": "#side", "cullface": "east"},
				"west": {"uv": [16, 0, 0, 11], "texture": "#side"}
			}
		},
		{
			"from": [0.1, 0, 8],
			"to": [15.9, 15.9, 8],
			"rotation": {"angle": 45, "axis": "y", "origin": [8, 8, 8], "rescale": true},
			"faces": {
				"north": {"uv": [0, 0, 16, 16], "texture": "#plant"},
				"south": {"uv": [0, 0, 16, 16], "texture": "#plant"}
			}
		},
		{
			"from": [8, 0, 0.1],
			"to": [8, 15.9, 15.9],
			"rotation": {"angle": 45, "axis": "y", "origin": [8, 8, 8], "rescale": true},
			"faces": {
				"east": {"uv": [0, 0, 16, 16], "texture": "#plant"},
				"west": {"uv": [0, 0, 16, 16], "texture": "#plant"}
			}
		}
	]
}