{
	"credit": "Made with Blockbench",
	"parent": "minecraft:block/template_foliage",
	"ambientocclusion": false,
	"textures": {
		"particle": "block/large_fern_top"
	},
	"elements": [
		{
			"from": [-0.85, 2.7, 0.8],
			"to": [-0.85, 18.7, 15.2],
			"shade": false,
			"rotation": {"angle": 22.5, "axis": "z", "origin": [8, 8, 8], "rescale": true},
			"faces": {
				"east": {"uv": [0, 0, 16, 16], "texture": "#particle", "tintindex": 0},
				"west": {"uv": [0, 0, 16, 16], "texture": "#particle", "tintindex": 0}
			}
		},
		{
			"from": [17.4, 2.7, 0.8],
			"to": [17.4, 18.7, 15.2],
			"shade": false,
			"rotation": {"angle": -22.5, "axis": "z", "origin": [8, 8, 8], "rescale": true},
			"faces": {
				"east": {"uv": [0, 0, 16, 16], "texture": "#particle", "tintindex": 0},
				"west": {"uv": [0, 0, 16, 16], "texture": "#particle", "tintindex": 0}
			}
		},
		{
			"from": [0.8, 3.1, 17],
			"to": [15.2, 19.1, 17],
			"shade": false,
			"rotation": {"angle": 22.5, "axis": "x", "origin": [8, 8, 8], "rescale": true},
			"faces": {
				"north": {"uv": [0, 0, 16, 16], "texture": "#particle", "tintindex": 0},
				"south": {"uv": [0, 0, 16, 16], "texture": "#particle", "tintindex": 0}
			}
		},
		{
			"from": [0.8, 2.7, -0.9],
			"to": [15.2, 18.7, -0.9],
			"shade": false,
			"rotation": {"angle": -22.5, "axis": "x", "origin": [8, 8, 8], "rescale": true},
			"faces": {
				"north": {"uv": [0, 0, 16, 16], "texture": "#particle", "tintindex": 0},
				"south": {"uv": [0, 0, 16, 16], "texture": "#particle", "tintindex": 0}
			}
		},
		{
			"from": [0.8, -1.5, 8],
			"to": [15.2, 14.5, 8],
			"shade": false,
			"rotation": {"angle": 45, "axis": "y", "origin": [8, 8, 8], "rescale": true},
			"faces": {
				"north": {"uv": [0, 0, 16, 16], "texture": "#particle", "tintindex": 0},
				"south": {"uv": [0, 0, 16, 16], "texture": "#particle", "tintindex": 0}
			}
		},
		{
			"from": [8, -1.5, 0.8],
			"to": [8, 14.5, 15.2],
			"shade": false,
			"rotation": {"angle": 45, "axis": "y", "origin": [8, 8, 8], "rescale": true},
			"faces": {
				"east": {"uv": [0, 0, 16, 16], "texture": "#particle", "tintindex": 0},
				"west": {"uv": [0, 0, 16, 16], "texture": "#particle", "tintindex": 0}
			}
		}
	],
	"groups": [
		{
			"name": "large_fern_top",
			"origin": [8, 8, 8],
			"children": [
				{
					"name": "large_fern_top",
					"origin": [8, 8, 8],
					"children": [
						{
							"name": "group",
							"origin": [8, 8, 8],
							"children": [
								{
									"name": "group",
									"origin": [8, 8, 8],
									"children": [0, 1]
								},
								{
									"name": "group",
									"origin": [8, 8, 8],
									"children": [2, 3]
								},
								{
									"name": "tinted_cross",
									"origin": [8, 8, 8],
									"children": [4, 5]
								}
							]
						}
					]
				}
			]
		}
	]
}