{
	"multipart": [
		{"apply": [
			{"model": "block/sand"},
			{"model": "block/sand", "y": 90},
			{"model": "block/sand", "y": 180},
			{"model": "block/sand", "y": 270}]
		},
		{"apply": [
			{"model": "block/air", "weight": 11011},
			{"model": "block/skull_sand"},
			{"model": "block/skull_sand", "y": 90},
			{"model": "block/skull_sand", "y": 180},
			{"model": "block/skull_sand", "y": 270},
			{"model": "block/skull_sand_1"},
			{"model": "block/skull_sand_1", "y": 90},
			{"model": "block/skull_sand_1", "y": 180},
			{"model": "block/skull_sand_1", "y": 270}]
		},
		{"apply": [
			{"model": "block/air", "weight": 1292},
			{"model": "block/sand_hole"},
			{"model": "block/sand_hole", "y": 90},
			{"model": "block/sand_hole", "y": 180},
			{"model": "block/sand_hole", "y": 270}]
		}
	]
}