{
	"credit": "Made with Blockbench",
	"textures": {
		"particle": "#side"
	},
	"elements": [
		{
			"from": [9, 8, -15.75],
			"to": [12, 11, -3.75],
			"rotation": {"angle": 22.5, "axis": "x", "origin": [0, 0, 0]},
			"faces": {
				"north": {"uv": [7, 7, 10, 10], "texture": "#top", "cullface": "north"},
				"east": {"uv": [6, 4, 9, 16], "rotation": 90, "texture": "#side", "cullface": "north"},
				"west": {"uv": [6, 4, 9, 16], "rotation": 270, "texture": "#side", "cullface": "north"},
				"up": {"uv": [9, 16, 6, 4], "rotation": 180, "texture": "#side", "cullface": "north"},
				"down": {"uv": [6, 16, 9, 4], "texture": "#side", "cullface": "north"}
			}
		},
		{
			"from": [-1.5, 17.75, -8],
			"to": [-0.5, 21.75, -7],
			"rotation": {"angle": -45, "axis": "z", "origin": [0, 0, 0]},
			"faces": {
				"north": {"uv": [6, 7, 10, 8], "rotation": 90, "texture": "#side", "cullface": "north"},
				"east": {"uv": [6, 7, 10, 8], "rotation": 90, "texture": "#side", "cullface": "north"},
				"south": {"uv": [6, 7, 10, 8], "rotation": 90, "texture": "#side", "cullface": "north"},
				"west": {"uv": [6, 7, 10, 8], "rotation": 90, "texture": "#side", "cullface": "north"},
				"up": {"uv": [8, 7, 9, 8], "texture": "#top", "cullface": "north"}
			}
		}
	]
}