{
	"credit": "Made with Blockbench",
	"parent": "block/block",
	"textures": {
		"0": "block/herobrine",
		"1": "block/stone",
		"particle": "block/stone"
	},
	"elements": [
		{
			"name": "block",
			"from": [0, 0, 0],
			"to": [16, 16, 16],
			"faces": {
				"north": {"uv": [0, 0, 16, 16], "texture": "#1", "cullface": "north"},
				"east": {"uv": [0, 0, 16, 16], "texture": "#1", "cullface": "east"},
				"south": {"uv": [0, 0, 16, 16], "texture": "#1", "cullface": "south"},
				"west": {"uv": [0, 0, 16, 16], "texture": "#1", "cullface": "west"},
				"up": {"uv": [0, 0, 16, 16], "texture": "#1", "cullface": "up"},
				"down": {"uv": [0, 0, 16, 16], "texture": "#1", "cullface": "down"}
			}
		},
		{
			"name": "head",
			"from": [4, -15.6, -10],
			"to": [12, -7.6, -2],
			"faces": {
				"north": {"uv": [2, 2, 4, 4], "rotation": 180, "texture": "#0"},
				"east": {"uv": [4, 2, 6, 4], "rotation": 180, "texture": "#0"},
				"south": {"uv": [6, 2, 8, 4], "rotation": 180, "texture": "#0"},
				"west": {"uv": [0, 2, 2, 4], "rotation": 180, "texture": "#0"},
				"up": {"uv": [4, 0, 6, 2], "rotation": 180, "texture": "#0"},
				"down": {"uv": [2, 0, 4, 2], "rotation": 180, "texture": "#0"}
			}
		},
		{
			"name": "body",
			"from": [4, -8, -7.5],
			"to": [12, 4, -3.5],
			"faces": {
				"north": {"uv": [5, 5, 7, 8], "rotation": 180, "texture": "#0"},
				"south": {"uv": [8, 5, 10, 8], "rotation": 180, "texture": "#0"}
			}
		},
		{
			"name": "right_arm",
			"from": [0.25, -8, -7.5],
			"to": [4, 4, -3.5],
			"faces": {
				"north": {"uv": [11, 5, 12, 8], "rotation": 180, "texture": "#0"},
				"south": {"uv": [13, 5, 14, 8], "rotation": 180, "texture": "#0"},
				"west": {"uv": [13, 5, 14, 8], "rotation": 180, "texture": "#0"},
				"up": {"uv": [12, 4, 13, 5], "rotation": 180, "texture": "#0"},
				"down": {"uv": [11, 4, 12, 5], "rotation": 180, "texture": "#0"}
			}
		},
		{
			"name": "left_arm",
			"from": [12, -8, -7.5],
			"to": [15.75, 4, -3.5],
			"faces": {
				"north": {"uv": [9, 13, 10, 16], "rotation": 180, "texture": "#0"},
				"east": {"uv": [10, 13, 11, 16], "rotation": 180, "texture": "#0"},
				"south": {"uv": [11, 13, 12, 16], "rotation": 180, "texture": "#0"},
				"up": {"uv": [10, 12, 11, 13], "rotation": 180, "texture": "#0"},
				"down": {"uv": [9, 12, 10, 13], "rotation": 180, "texture": "#0"}
			}
		},
		{
			"name": "left_leg",
			"from": [8, 4, -7.5],
			"to": [12, 15.5, -3.5],
			"faces": {
				"north": {"uv": [5, 13, 6, 16], "rotation": 180, "texture": "#0", "cullface": "north"},
				"east": {"uv": [6, 13, 7, 16], "rotation": 180, "texture": "#0", "cullface": "north"},
				"south": {"uv": [7, 13, 8, 16], "rotation": 180, "texture": "#0", "cullface": "north"},
				"up": {"uv": [6, 12, 7, 13], "rotation": 180, "texture": "#0", "cullface": "north"}
			}
		},
		{
			"name": "right_leg",
			"from": [4, 4, -7.5],
			"to": [8, 15.5, -3.5],
			"faces": {
				"north": {"uv": [1, 5, 2, 8], "rotation": 180, "texture": "#0", "cullface": "north"},
				"south": {"uv": [3, 5, 4, 8], "rotation": 180, "texture": "#0", "cullface": "north"},
				"west": {"uv": [0, 5, 1, 8], "rotation": 180, "texture": "#0", "cullface": "north"},
				"up": {"uv": [2, 4, 3, 5], "rotation": 180, "texture": "#0", "cullface": "north"}
			}
		}
	],
	"groups": [
		0,
		{
			"name": "herobrine",
			"origin": [0, 0, 0],
			"color": 0,
			"children": [1, 2, 3, 4, 5, 6]
		}
	]
}