{
	"credit": "Made with Blockbench",
	"parent": "block/block",
	"textures": {
		"side": "block/grass_block_snow",
		"top": "block/grass_block_top",
		"bottom": "block/dirt",
		"snow": "block/snow",
		"particle": "#bottom"
	},
	"elements": [
		{
			"from": [0, 0, 0],
			"to": [16, 6, 16],
			"faces": {
				"north": {"uv": [0, 1, 16, 7], "texture": "#side", "cullface": "north"},
				"east": {"uv": [0, 1, 16, 7], "texture": "#side", "cullface": "east"},
				"south": {"uv": [0, 1, 16, 7], "texture": "#side", "cullface": "south"},
				"west": {"uv": [0, 1, 16, 7], "texture": "#side", "cullface": "west"},
				"down": {"uv": [0, 0, 16, 16], "texture": "#bottom", "cullface": "down"}
			}
		},
		{
			"from": [0, 6, 0],
			"to": [16, 16, 16],
			"faces": {
				"north": {"uv": [0, 6, 16, 16], "texture": "#snow", "cullface": "north"},
				"east": {"uv": [0, 6, 16, 16], "texture": "#snow", "cullface": "east"},
				"south": {"uv": [0, 6, 16, 16], "texture": "#snow", "cullface": "south"},
				"west": {"uv": [0, 6, 16, 16], "texture": "#snow", "cullface": "west"},
				"up": {"uv": [0, 0, 16, 16], "texture": "#top", "cullface": "up", "tintindex": 0}
			}
		}
	]
}