{
	"credit": "Made with Blockbench",
	"parent": "minecraft:block/tinted_cross",
	"ambientocclusion": false,
	"textures": {
		"particle": "block/large_fern_top"
	},
	"elements": [
		{
			"from": [0.8, 4.2, 17],
			"to": [15.2, 4.2, 32],
			"shade": false,
			"rotation": {"angle": 22.5, "axis": "x", "origin": [8, 8, 8], "rescale": true},
			"faces": {
				"up": {"uv": [0, 0, 16, 16], "rotation": 180, "texture": "#particle", "cullface": "down", "tintindex": 0},
				"down": {"uv": [0, 0, 16, 16], "texture": "#particle", "cullface": "down", "tintindex": 0}
			}
		},
		{
			"from": [0.8, 4.2, -16],
			"to": [15.2, 4.2, -1],
			"shade": false,
			"rotation": {"angle": -22.5, "axis": "x", "origin": [8, 8, 8], "rescale": true},
			"faces": {
				"up": {"uv": [0, 0, 16, 16], "texture": "#particle", "cullface": "down", "tintindex": 0},
				"down": {"uv": [0, 0, 16, 16], "rotation": 180, "texture": "#particle", "cullface": "down", "tintindex": 0}
			}
		},
		{
			"from": [17, 4.2, 0.8],
			"to": [32, 4.2, 15.2],
			"shade": false,
			"rotation": {"angle": -22.5, "axis": "z", "origin": [8, 8, 8], "rescale": true},
			"faces": {
				"up": {"uv": [0, 0, 16, 16], "rotation": 90, "texture": "#particle", "cullface": "down", "tintindex": 0},
				"down": {"uv": [0, 0, 16, 16], "rotation": 90, "texture": "#particle", "cullface": "down", "tintindex": 0}
			}
		},
		{
			"from": [-15.95, 4.2, 0.8],
			"to": [-0.95, 4.2, 15.2],
			"shade": false,
			"rotation": {"angle": 22.5, "axis": "z", "origin": [8, 8, 8], "rescale": true},
			"faces": {
				"up": {"uv": [0, 0, 16, 16], "rotation": 270, "texture": "#particle", "cullface": "down", "tintindex": 0},
				"down": {"uv": [0, 0, 16, 16], "rotation": 270, "texture": "#particle", "cullface": "down", "tintindex": 0}
			}
		},
		{
			"from": [0.8, 0, 8],
			"to": [15.2, 16, 8],
			"shade": false,
			"rotation": {"angle": 45, "axis": "y", "origin": [8, 8, 8], "rescale": true},
			"faces": {
				"north": {"uv": [0, 0, 16, 16], "texture": "#particle", "tintindex": 0},
				"south": {"uv": [0, 0, 16, 16], "texture": "#particle", "tintindex": 0}
			}
		},
		{
			"from": [8, 0, 0.8],
			"to": [8, 16, 15.2],
			"shade": false,
			"rotation": {"angle": 45, "axis": "y", "origin": [8, 8, 8], "rescale": true},
			"faces": {
				"east": {"uv": [0, 0, 16, 16], "texture": "#particle", "tintindex": 0},
				"west": {"uv": [0, 0, 16, 16], "texture": "#particle", "tintindex": 0}
			}
		}
	],
	"groups": [
		{
			"name": "group",
			"origin": [8, 8, 8],
			"children": [0, 1]
		},
		{
			"name": "group",
			"origin": [8, 8, 8],
			"children": [2, 3]
		},
		{
			"name": "tinted_cross",
			"origin": [8, 8, 8],
			"children": [4, 5]
		}
	]
}