{
	"credit": "Made with Blockbench",
	"parent": "block/block",
	"textures": {
		"particle": "#all"
	},
	"elements": [
		{
			"name": "leaves_block",
			"from": [0, 0, 0],
			"to": [16, 16, 16],
			"faces": {
				"north": {"uv": [0, 0, 16, 16], "texture": "#all", "cullface": "north"},
				"east": {"uv": [0, 0, 16, 16], "texture": "#all", "cullface": "east"},
				"south": {"uv": [0, 0, 16, 16], "texture": "#all", "cullface": "south"},
				"west": {"uv": [0, 0, 16, 16], "texture": "#all", "cullface": "west"},
				"up": {"uv": [0, 0, 16, 16], "texture": "#all", "cullface": "up"},
				"down": {"uv": [0, 0, 16, 16], "texture": "#all", "cullface": "down"}
			}
		},
		{
			"from": [10.25, -4, 4.25],
			"to": [10.25, 8, 16.25],
			"shade": false,
			"rotation": {"angle": -22.5, "axis": "y", "origin": [0, 0, 0]},
			"faces": {
				"east": {"uv": [0, 4, 12, 16], "texture": "#all"},
				"west": {"uv": [4, 4, 16, 16], "texture": "#all"}
			}
		},
		{
			"from": [10.25, 8, 4.25],
			"to": [10.25, 20, 16.25],
			"shade": false,
			"rotation": {"angle": -22.5, "axis": "y", "origin": [0, 0, 0]},
			"faces": {
				"east": {"uv": [0, 0, 12, 12], "texture": "#all"},
				"west": {"uv": [4, 0, 16, 12], "texture": "#all"}
			}
		},
		{
			"from": [10.25, 20, -3.75],
			"to": [10.25, 22, 12.25],
			"shade": false,
			"rotation": {"angle": -22.5, "axis": "y", "origin": [0, 0, 0]},
			"faces": {
				"east": {"uv": [0, 14, 16, 16], "texture": "#all"},
				"west": {"uv": [16, 14, 0, 16], "texture": "#all"}
			}
		},
		{
			"from": [10.25, -6, -3.75],
			"to": [10.25, -4, 12.25],
			"shade": false,
			"rotation": {"angle": -22.5, "axis": "y", "origin": [0, 0, 0]},
			"faces": {
				"east": {"uv": [0, 0, 16, 2], "texture": "#all"},
				"west": {"uv": [16, 0, 0, 2], "texture": "#all"}
			}
		},
		{
			"from": [10.25, 0, 16.25],
			"to": [10.25, 16, 18.25],
			"shade": false,
			"rotation": {"angle": -22.5, "axis": "y", "origin": [0, 0, 0]},
			"faces": {
				"east": {"uv": [14, 0, 16, 16], "texture": "#all"},
				"west": {"uv": [16, 0, 14, 16], "texture": "#all"}
			}
		},
		{
			"from": [10.25, 0, -9.75],
			"to": [10.25, 16, -7.75],
			"shade": false,
			"rotation": {"angle": -22.5, "axis": "y", "origin": [0, 0, 0]},
			"faces": {
				"east": {"uv": [0, 0, 2, 16], "texture": "#all"},
				"west": {"uv": [2, 0, 0, 16], "texture": "#all"}
			}
		},
		{
			"from": [10.25, -4, -7.75],
			"to": [10.25, 8, 4.25],
			"shade": false,
			"rotation": {"angle": -22.5, "axis": "y", "origin": [0, 0, 0]},
			"faces": {
				"east": {"uv": [4, 4, 16, 16], "texture": "#all"},
				"west": {"uv": [0, 4, 12, 16], "texture": "#all"}
			}
		},
		{
			"from": [10.25, 8, -7.75],
			"to": [10.25, 20, 4.25],
			"shade": false,
			"rotation": {"angle": -22.5, "axis": "y", "origin": [0, 0, 0]},
			"faces": {
				"east": {"uv": [4, 0, 16, 11], "texture": "#all"},
				"west": {"uv": [0, 0, 12, 12], "texture": "#all"}
			}
		},
		{
			"from": [-1.75, -4, 4.25],
			"to": [10.25, 8, 4.25],
			"shade": false,
			"rotation": {"angle": -22.5, "axis": "y", "origin": [0, 0, 0]},
			"faces": {
				"north": {"uv": [4, 4, 16, 16], "texture": "#all"},
				"south": {"uv": [0, 4, 12, 16], "texture": "#all"}
			}
		},
		{
			"from": [-1.75, 8, 4.25],
			"to": [10.25, 20, 4.25],
			"shade": false,
			"rotation": {"angle": -22.5, "axis": "y", "origin": [0, 0, 0]},
			"faces": {
				"north": {"uv": [4, 0, 16, 12], "texture": "#all"},
				"south": {"uv": [0, 0, 12, 12], "texture": "#all"}
			}
		},
		{
			"from": [2.25, 20, 4.25],
			"to": [18.25, 22, 4.25],
			"shade": false,
			"rotation": {"angle": -22.5, "axis": "y", "origin": [0, 0, 0]},
			"faces": {
				"north": {"uv": [16, 14, 0, 16], "texture": "#all"},
				"south": {"uv": [0, 14, 16, 16], "texture": "#all"}
			}
		},
		{
			"from": [2.25, -6, 4.25],
			"to": [18.25, -4, 4.25],
			"shade": false,
			"rotation": {"angle": -22.5, "axis": "y", "origin": [0, 0, 0]},
			"faces": {
				"north": {"uv": [16, 0, 0, 2], "texture": "#all"},
				"south": {"uv": [0, 0, 16, 2], "texture": "#all"}
			}
		},
		{
			"from": [-3.75, 0, 4.25],
			"to": [-1.75, 16, 4.25],
			"shade": false,
			"rotation": {"angle": -22.5, "axis": "y", "origin": [0, 0, 0]},
			"faces": {
				"north": {"uv": [16, 0, 14, 16], "texture": "#all"},
				"south": {"uv": [14, 0, 16, 16], "texture": "#all"}
			}
		},
		{
			"from": [22.25, 0, 4.25],
			"to": [24.25, 16, 4.25],
			"shade": false,
			"rotation": {"angle": -22.5, "axis": "y", "origin": [0, 0, 0]},
			"faces": {
				"north": {"uv": [2, 0, 0, 16], "texture": "#all"},
				"south": {"uv": [0, 0, 2, 16], "texture": "#all"}
			}
		},
		{
			"from": [10.25, -4, 4.25],
			"to": [22.25, 8, 4.25],
			"shade": false,
			"rotation": {"angle": -22.5, "axis": "y", "origin": [0, 0, 0]},
			"faces": {
				"north": {"uv": [0, 4, 12, 16], "texture": "#all"},
				"south": {"uv": [4, 4, 16, 16], "texture": "#all"}
			}
		},
		{
			"from": [10.25, 8, 4.25],
			"to": [22.25, 20, 4.25],
			"shade": false,
			"rotation": {"angle": -22.5, "axis": "y", "origin": [0, 0, 0]},
			"faces": {
				"north": {"uv": [0, 0, 12, 12], "texture": "#all"},
				"south": {"uv": [4, 0, 16, 11], "texture": "#all"}
			}
		}
	],
	"groups": [0,
		{
			"name": "leaves_bushy",
			"origin": [8, 8, 8],
			"children": [
				{
					"name": "1",
					"origin": [8, 8, 8],
					"children": [1, 2, 3, 4, 5, 6, 7, 8]
				},
				{
					"name": "2",
					"origin": [8, 8, 8],
					"children": [9, 10, 11, 12, 13, 14, 15, 16]
				}
			]
		}
	]
}