{
	"credit": "Made with Blockbench",
	"parent": "minecraft:block/cross",
	"ambientocclusion": false,
	"textures": {
		"texture": "minecraft:block/tall_grass_top",
		"particle": "#texture"
	},
	"elements": [
		{
			"from": [0.8, 3.65, 16.55],
			"to": [15.2, 11.65, 16.55],
			"shade": false,
			"rotation": {"angle": 22.5, "axis": "x", "origin": [8, 8, 8], "rescale": true},
			"faces": {
				"north": {"uv": [0, 0, 16, 8], "texture": "#texture", "tintindex": 0},
				"south": {"uv": [0, 0, 16, 8], "texture": "#texture", "tintindex": 0}
			}
		},
		{
			"from": [0.8, 3.8, -0.75],
			"to": [15.2, 11.8, -0.75],
			"shade": false,
			"rotation": {"angle": -22.5, "axis": "x", "origin": [8, 8, 8], "rescale": true},
			"faces": {
				"north": {"uv": [0, 0, 16, 8], "texture": "#texture", "tintindex": 0},
				"south": {"uv": [0, 0, 16, 8], "texture": "#texture", "tintindex": 0}
			}
		},
		{
			"from": [16.75, 3.8, 0.8],
			"to": [16.75, 11.8, 15.2],
			"shade": false,
			"rotation": {"angle": -22.5, "axis": "z", "origin": [8, 8, 8], "rescale": true},
			"faces": {
				"east": {"uv": [0, 0, 16, 8], "texture": "#texture", "tintindex": 0},
				"west": {"uv": [0, 0, 16, 8], "texture": "#texture", "tintindex": 0}
			}
		},
		{
			"from": [-0.55, 3.65, 0.8],
			"to": [-0.55, 11.65, 15.2],
			"shade": false,
			"rotation": {"angle": 22.5, "axis": "z", "origin": [8, 8, 8], "rescale": true},
			"faces": {
				"east": {"uv": [0, 0, 16, 8], "texture": "#texture", "tintindex": 0},
				"west": {"uv": [0, 0, 16, 8], "texture": "#texture", "tintindex": 0}
			}
		},
		{
			"from": [0.8, 0, 8],
			"to": [15.2, 16, 8],
			"shade": false,
			"rotation": {"angle": 45, "axis": "y", "origin": [8, 8, 8], "rescale": true},
			"faces": {
				"north": {"uv": [0, 0, 16, 16], "texture": "#texture", "tintindex": 0},
				"south": {"uv": [0, 0, 16, 16], "texture": "#texture", "tintindex": 0}
			}
		},
		{
			"from": [8, 0, 0.8],
			"to": [8, 16, 15.2],
			"shade": false,
			"rotation": {"angle": 45, "axis": "y", "origin": [8, 8, 8], "rescale": true},
			"faces": {
				"east": {"uv": [0, 0, 16, 16], "texture": "#texture", "tintindex": 0},
				"west": {"uv": [0, 0, 16, 16], "texture": "#texture", "tintindex": 0}
			}
		}
	],
	"groups": [
		{
			"name": "group",
			"origin": [8, 8, 8],
			"children": [0, 1]
		},
		{
			"name": "group",
			"origin": [8, 8, 8],
			"children": [2, 3]
		},
		{
			"name": "tinted_cross",
			"origin": [8, 8, 8],
			"children": [4, 5]
		}
	]
}