{
	"credit": "Made with Blockbench",
	"parent": "block/block",
	"textures": {
		"0": "block/oak_leaves",
		"particle": "block/oak_leaves"
	},
	"elements": [
		{
			"name": "leaves_block",
			"from": [0, 0, 0],
			"to": [16, 16, 16],
			"faces": {
				"north": {"uv": [0, 0, 16, 16], "texture": "#0", "cullface": "north"},
				"east": {"uv": [0, 0, 16, 16], "texture": "#0", "cullface": "east"},
				"south": {"uv": [0, 0, 16, 16], "texture": "#0", "cullface": "south"},
				"west": {"uv": [0, 0, 16, 16], "texture": "#0", "cullface": "west"},
				"up": {"uv": [0, 0, 16, 16], "texture": "#0", "cullface": "up"},
				"down": {"uv": [0, 0, 16, 16], "texture": "#0", "cullface": "down"}
			}
		},
		{
			"from": [-2, -4, 5],
			"to": [10, 8, 5],
			"shade": false,
			"rotation": {"angle": -22.5, "axis": "y", "origin": [0, 0, 0]},
			"faces": {
				"north": {"uv": [4, 4, 16, 16], "texture": "#0"},
				"south": {"uv": [0, 4, 12, 16], "texture": "#0"}
			}
		},
		{
			"from": [-2, 8, 5],
			"to": [10, 20, 5],
			"shade": false,
			"rotation": {"angle": -22.5, "axis": "y", "origin": [0, 0, 0]},
			"faces": {
				"north": {"uv": [4, 0, 16, 12], "texture": "#0"},
				"south": {"uv": [0, 0, 12, 12], "texture": "#0"}
			}
		},
		{
			"from": [2, 20, 5],
			"to": [18, 22, 5],
			"shade": false,
			"rotation": {"angle": -22.5, "axis": "y", "origin": [0, 0, 0]},
			"faces": {
				"north": {"uv": [16, 14, 0, 16], "texture": "#0"},
				"south": {"uv": [0, 14, 16, 16], "texture": "#0"}
			}
		},
		{
			"from": [2, -6, 5],
			"to": [18, -4, 5],
			"shade": false,
			"rotation": {"angle": -22.5, "axis": "y", "origin": [0, 0, 0]},
			"faces": {
				"north": {"uv": [16, 14, 0, 16], "texture": "#0"},
				"south": {"uv": [0, 14, 16, 16], "texture": "#0"}
			}
		},
		{
			"from": [-4, 0, 5],
			"to": [-2, 16, 5],
			"shade": false,
			"rotation": {"angle": -22.5, "axis": "y", "origin": [0, 0, 0]},
			"faces": {
				"north": {"uv": [16, 0, 14, 16], "texture": "#0"},
				"south": {"uv": [14, 0, 16, 16], "texture": "#0"}
			}
		},
		{
			"from": [22, 0, 5],
			"to": [24, 16, 5],
			"shade": false,
			"rotation": {"angle": -22.5, "axis": "y", "origin": [0, 0, 0]},
			"faces": {
				"north": {"uv": [2, 0, 0, 16], "texture": "#0"},
				"south": {"uv": [0, 0, 2, 16], "texture": "#0"}
			}
		},
		{
			"from": [10, -4, 5],
			"to": [22, 8, 5],
			"shade": false,
			"rotation": {"angle": -22.5, "axis": "y", "origin": [0, 0, 0]},
			"faces": {
				"north": {"uv": [0, 4, 12, 16], "texture": "#0"},
				"south": {"uv": [4, 4, 16, 16], "texture": "#0"}
			}
		},
		{
			"from": [10, 8, 5],
			"to": [22, 20, 5],
			"shade": false,
			"rotation": {"angle": -22.5, "axis": "y", "origin": [0, 0, 0]},
			"faces": {
				"north": {"uv": [0, 0, 12, 12], "texture": "#0"},
				"south": {"uv": [4, 0, 16, 11], "texture": "#0"}
			}
		},
		{
			"from": [10, -4, -7],
			"to": [10, 8, 5],
			"shade": false,
			"rotation": {"angle": -22.5, "axis": "y", "origin": [0, 0, 0]},
			"faces": {
				"east": {"uv": [4, 4, 16, 16], "texture": "#0"},
				"west": {"uv": [0, 4, 12, 16], "texture": "#0"}
			}
		},
		{
			"from": [10, 8, -7],
			"to": [10, 20, 5],
			"shade": false,
			"rotation": {"angle": -22.5, "axis": "y", "origin": [0, 0, 0]},
			"faces": {
				"east": {"uv": [4, 0, 16, 12], "texture": "#0"},
				"west": {"uv": [0, 0, 12, 12], "texture": "#0"}
			}
		},
		{
			"from": [10, 20, -3],
			"to": [10, 22, 13],
			"shade": false,
			"rotation": {"angle": -22.5, "axis": "y", "origin": [0, 0, 0]},
			"faces": {
				"east": {"uv": [16, 14, 0, 16], "texture": "#0"},
				"west": {"uv": [0, 14, 16, 16], "texture": "#0"}
			}
		},
		{
			"from": [10, -6, -3],
			"to": [10, -4, 13],
			"shade": false,
			"rotation": {"angle": -22.5, "axis": "y", "origin": [0, 0, 0]},
			"faces": {
				"east": {"uv": [16, 14, 0, 16], "texture": "#0"},
				"west": {"uv": [0, 14, 16, 16], "texture": "#0"}
			}
		},
		{
			"from": [10, 0, -9],
			"to": [10, 16, -7],
			"shade": false,
			"rotation": {"angle": -22.5, "axis": "y", "origin": [0, 0, 0]},
			"faces": {
				"east": {"uv": [16, 0, 14, 16], "texture": "#0"},
				"west": {"uv": [14, 0, 16, 16], "texture": "#0"}
			}
		},
		{
			"from": [10, 0, 17],
			"to": [10, 16, 19],
			"shade": false,
			"rotation": {"angle": -22.5, "axis": "y", "origin": [0, 0, 0]},
			"faces": {
				"east": {"uv": [2, 0, 0, 16], "texture": "#0"},
				"west": {"uv": [0, 0, 2, 16], "texture": "#0"}
			}
		},
		{
			"from": [10, -4, 5],
			"to": [10, 8, 17],
			"shade": false,
			"rotation": {"angle": -22.5, "axis": "y", "origin": [0, 0, 0]},
			"faces": {
				"east": {"uv": [0, 4, 12, 16], "texture": "#0"},
				"west": {"uv": [4, 4, 16, 16], "texture": "#0"}
			}
		},
		{
			"from": [10, 8, 5],
			"to": [10, 20, 17],
			"shade": false,
			"rotation": {"angle": -22.5, "axis": "y", "origin": [0, 0, 0]},
			"faces": {
				"east": {"uv": [0, 0, 12, 12], "texture": "#0"},
				"west": {"uv": [4, 0, 16, 11], "texture": "#0"}
			}
		}
	],
	"groups": [0,
		{
			"name": "leaves_bushy",
			"origin": [8, 8, 8],
			"children": [
				{
					"name": "1",
					"origin": [8, 8, 8],
					"children": [1, 2, 3, 4, 5, 6, 7, 8]
				},
				{
					"name": "2",
					"origin": [8, 8, 8],
					"children": [9, 10, 11, 12, 13, 14, 15, 16]
				}
			]
		}
	]
}