{
	"credit": "Made with Blockbench",
	"parent": "block/block",
	"textures": {
		"particle": "#0"
	},
	"elements": [
		{
			"name": "leaves_block",
			"from": [0, 0, 0],
			"to": [16, 16, 16],
			"faces": {
				"north": {"uv": [0, 0, 16, 16], "texture": "#0", "cullface": "north", "tintindex": 0},
				"east": {"uv": [0, 0, 16, 16], "texture": "#0", "cullface": "east", "tintindex": 0},
				"south": {"uv": [0, 0, 16, 16], "texture": "#0", "cullface": "south", "tintindex": 0},
				"west": {"uv": [0, 0, 16, 16], "texture": "#0", "cullface": "west", "tintindex": 0},
				"up": {"uv": [0, 0, 16, 16], "texture": "#0", "cullface": "up", "tintindex": 0},
				"down": {"uv": [0, 0, 16, 16], "texture": "#0", "cullface": "down", "tintindex": 0}
			}
		},
		{
			"from": [-8, -4, 11],
			"to": [4, 8, 11],
			"shade": false,
			"rotation": {"angle": 22.5, "axis": "y", "origin": [0, 0, 0]},
			"faces": {
				"north": {"uv": [4, 4, 16, 16], "texture": "#0", "tintindex": 0},
				"south": {"uv": [0, 4, 12, 16], "texture": "#0", "tintindex": 0}
			}
		},
		{
			"from": [-8, 8, 11],
			"to": [4, 20, 11],
			"shade": false,
			"rotation": {"angle": 22.5, "axis": "y", "origin": [0, 0, 0]},
			"faces": {
				"north": {"uv": [4, 0, 16, 12], "texture": "#0", "tintindex": 0},
				"south": {"uv": [0, 0, 12, 12], "texture": "#0", "tintindex": 0}
			}
		},
		{
			"from": [-4, 20, 11],
			"to": [12, 22, 11],
			"shade": false,
			"rotation": {"angle": 22.5, "axis": "y", "origin": [0, 0, 0]},
			"faces": {
				"north": {"uv": [16, 14, 0, 16], "texture": "#0", "tintindex": 0},
				"south": {"uv": [0, 14, 16, 16], "texture": "#0", "tintindex": 0}
			}
		},
		{
			"from": [-4, -6, 11],
			"to": [12, -4, 11],
			"shade": false,
			"rotation": {"angle": 22.5, "axis": "y", "origin": [0, 0, 0]},
			"faces": {
				"north": {"uv": [16, 14, 0, 16], "texture": "#0", "tintindex": 0},
				"south": {"uv": [0, 14, 16, 16], "texture": "#0", "tintindex": 0}
			}
		},
		{
			"from": [-10, 0, 11],
			"to": [-8, 16, 11],
			"shade": false,
			"rotation": {"angle": 22.5, "axis": "y", "origin": [0, 0, 0]},
			"faces": {
				"north": {"uv": [16, 0, 14, 16], "texture": "#0", "tintindex": 0},
				"south": {"uv": [14, 0, 16, 16], "texture": "#0", "tintindex": 0}
			}
		},
		{
			"from": [16, 0, 11],
			"to": [18, 16, 11],
			"shade": false,
			"rotation": {"angle": 22.5, "axis": "y", "origin": [0, 0, 0]},
			"faces": {
				"north": {"uv": [2, 0, 0, 16], "texture": "#0", "tintindex": 0},
				"south": {"uv": [0, 0, 2, 16], "texture": "#0", "tintindex": 0}
			}
		},
		{
			"from": [4, -4, 11],
			"to": [16, 8, 11],
			"shade": false,
			"rotation": {"angle": 22.5, "axis": "y", "origin": [0, 0, 0]},
			"faces": {
				"north": {"uv": [0, 4, 12, 16], "texture": "#0", "tintindex": 0},
				"south": {"uv": [4, 4, 16, 16], "texture": "#0", "tintindex": 0}
			}
		},
		{
			"from": [4, 8, 11],
			"to": [16, 20, 11],
			"shade": false,
			"rotation": {"angle": 22.5, "axis": "y", "origin": [0, 0, 0]},
			"faces": {
				"north": {"uv": [0, 0, 12, 12], "texture": "#0", "tintindex": 0},
				"south": {"uv": [4, 0, 16, 11], "texture": "#0", "tintindex": 0}
			}
		},
		{
			"from": [4, -4, -1],
			"to": [4, 8, 11],
			"shade": false,
			"rotation": {"angle": 22.5, "axis": "y", "origin": [0, 0, 0]},
			"faces": {
				"east": {"uv": [4, 4, 16, 16], "texture": "#0", "tintindex": 0},
				"west": {"uv": [0, 4, 12, 16], "texture": "#0", "tintindex": 0}
			}
		},
		{
			"from": [4, 8, -1],
			"to": [4, 20, 11],
			"shade": false,
			"rotation": {"angle": 22.5, "axis": "y", "origin": [0, 0, 0]},
			"faces": {
				"east": {"uv": [4, 0, 16, 12], "texture": "#0", "tintindex": 0},
				"west": {"uv": [0, 0, 12, 12], "texture": "#0", "tintindex": 0}
			}
		},
		{
			"from": [4, 20, 3],
			"to": [4, 22, 19],
			"shade": false,
			"rotation": {"angle": 22.5, "axis": "y", "origin": [0, 0, 0]},
			"faces": {
				"east": {"uv": [16, 14, 0, 16], "texture": "#0", "tintindex": 0},
				"west": {"uv": [0, 14, 16, 16], "texture": "#0", "tintindex": 0}
			}
		},
		{
			"from": [4, -6, 3],
			"to": [4, -4, 19],
			"shade": false,
			"rotation": {"angle": 22.5, "axis": "y", "origin": [0, 0, 0]},
			"faces": {
				"east": {"uv": [16, 14, 0, 16], "texture": "#0", "tintindex": 0},
				"west": {"uv": [0, 14, 16, 16], "texture": "#0", "tintindex": 0}
			}
		},
		{
			"from": [4, 0, -3],
			"to": [4, 16, -1],
			"shade": false,
			"rotation": {"angle": 22.5, "axis": "y", "origin": [0, 0, 0]},
			"faces": {
				"east": {"uv": [16, 0, 14, 16], "texture": "#0", "tintindex": 0},
				"west": {"uv": [14, 0, 16, 16], "texture": "#0", "tintindex": 0}
			}
		},
		{
			"from": [4, 0, 23],
			"to": [4, 16, 25],
			"shade": false,
			"rotation": {"angle": 22.5, "axis": "y", "origin": [0, 0, 0]},
			"faces": {
				"east": {"uv": [2, 0, 0, 16], "texture": "#0", "tintindex": 0},
				"west": {"uv": [0, 0, 2, 16], "texture": "#0", "tintindex": 0}
			}
		},
		{
			"from": [4, -4, 11],
			"to": [4, 8, 23],
			"shade": false,
			"rotation": {"angle": 22.5, "axis": "y", "origin": [0, 0, 0]},
			"faces": {
				"east": {"uv": [0, 4, 12, 16], "texture": "#0", "tintindex": 0},
				"west": {"uv": [4, 4, 16, 16], "texture": "#0", "tintindex": 0}
			}
		},
		{
			"from": [4, 8, 11],
			"to": [4, 20, 23],
			"shade": false,
			"rotation": {"angle": 22.5, "axis": "y", "origin": [0, 0, 0]},
			"faces": {
				"east": {"uv": [0, 0, 12, 12], "texture": "#0", "tintindex": 0},
				"west": {"uv": [4, 0, 16, 11], "texture": "#0", "tintindex": 0}
			}
		}
	],
	"groups": [0,
		{
			"name": "leaves_bushy",
			"origin": [8, 8, 8],
			"children": [
				{
					"name": "1",
					"origin": [8, 8, 8],
					"children": [1, 2, 3, 4, 5, 6, 7, 8]
				},
				{
					"name": "2",
					"origin": [8, 8, 8],
					"children": [9, 10, 11, 12, 13, 14, 15, 16]
				}
			]
		}
	]
}