{
	"credit": "Made with Blockbench",
	"ambientocclusion": false,
	"texture_size": [64, 32],
	"textures": {
		"particle": "#sign"
	},
	"elements": [
		{
			"from": [7.3333, 0, 7.3333],
			"to": [8.66663, 8.33333, 8.66663],
			"rotation": {"angle": 0, "axis": "y", "origin": [8, 8, 8]},
			"faces": {
				"north": {"uv": [0.5, 9, 1, 15], "texture": "#sign"},
				"east": {"uv": [0, 9, 0.5, 15], "texture": "#sign"},
				"south": {"uv": [1.5, 9, 2, 15], "texture": "#sign"},
				"west": {"uv": [1, 9, 1.5, 15], "texture": "#sign"},
				"up": {"uv": [0, 0, 0, 0], "texture": "#sign"},
				"down": {"uv": [1, 7, 1.5, 8], "texture": "#sign", "cullface": "down"}
			}
		},
		{
			"from": [0, 9.3333, 7.3333],
			"to": [16, 17.3333, 8.66663],
			"rotation": {"angle": 0, "axis": "y", "origin": [8, 8, 8]},
			"faces": {
				"north": {"uv": [0.5, 1, 6.5, 7], "texture": "#sign"},
				"south": {"uv": [7, 1, 13, 7], "texture": "#sign"}
			}
		},
		{
			"from": [-0.25, 9.3333, 7.2333],
			"to": [0.1, 17.3333, 8.76663],
			"rotation": {"angle": 0, "axis": "y", "origin": [8, 8, 8]},
			"faces": {
				"north": {"uv": [0, 8, 0.0875, 12], "texture": "#sign"},
				"east": {"uv": [0.625, 8, 1.00833, 12], "texture": "#sign"},
				"south": {"uv": [0.5, 8, 0.5875, 12], "texture": "#sign"},
				"west": {"uv": [0.125, 8, 0.50833, 12], "texture": "#sign", "cullface": "west"}
			}
		},
		{
			"from": [16, 9.3333, 7.2333],
			"to": [16.35, 17.3333, 8.76663],
			"rotation": {"angle": 0, "axis": "y", "origin": [8, 8, 8]},
			"faces": {
				"north": {"uv": [0, 8, 0.0875, 12], "texture": "#sign", "cullface": "east"},
				"east": {"uv": [0.625, 8, 1.00833, 12], "texture": "#sign", "cullface": "east"},
				"south": {"uv": [0.5, 8, 0.5875, 12], "texture": "#sign", "cullface": "east"},
				"west": {"uv": [0.125, 8, 0.50833, 12], "texture": "#sign", "cullface": "east"}
			}
		},
		{
			"from": [-0.5, 8.4, 7],
			"to": [16.5, 9.4, 9],
			"rotation": {"angle": 0, "axis": "y", "origin": [8, 8, 8]},
			"faces": {
				"north": {"uv": [0, 8, 0.5, 15], "rotation": 90, "texture": "#sign"},
				"east": {"uv": [1, 14, 1.5, 15], "rotation": 90, "texture": "#sign", "cullface": "east"},
				"south": {"uv": [1.5, 8, 2, 15], "rotation": 90, "texture": "#sign"},
				"west": {"uv": [0.5, 14, 1, 15], "rotation": 90, "texture": "#sign", "cullface": "west"},
				"up": {"uv": [0, 8, 0.5, 15], "rotation": 90, "texture": "#sign"},
				"down": {"uv": [1.5, 8, 2, 15], "rotation": 90, "texture": "#sign"}
			}
		},
		{
			"from": [-0.5, 17.3, 7],
			"to": [16.5, 18.3, 9],
			"rotation": {"angle": 0, "axis": "y", "origin": [8, 8, 8]},
			"faces": {
				"north": {"uv": [0, 8, 0.5, 15], "rotation": 90, "texture": "#sign", "cullface": "up"},
				"east": {"uv": [1, 14, 1.5, 15], "rotation": 90, "texture": "#sign", "cullface": "east"},
				"south": {"uv": [1.5, 8, 2, 15], "rotation": 90, "texture": "#sign", "cullface": "up"},
				"west": {"uv": [0.5, 14, 1, 15], "rotation": 90, "texture": "#sign", "cullface": "west"},
				"up": {"uv": [0, 8, 0.5, 15], "rotation": 90, "texture": "#sign", "cullface": "up"},
				"down": {"uv": [1.5, 8, 2, 15], "rotation": 90, "texture": "#sign", "cullface": "up"}
			}
		}
	]
}