{
	"credit": "Made with Blockbench",
	"parent": "minecraft:block/block",
	"textures": {
		"particle": "#0"
	},
	"elements": [
		{
			"from": [14, 0, 6.5],
			"to": [16, 16, 9.5],
			"rotation": {"angle": 0, "axis": "y", "origin": [8, 8, 8]},
			"faces": {
				"north": {"uv": [0, 0, 2, 16], "texture": "#0"},
				"east": {"uv": [0, 0, 3, 16], "texture": "#0"},
				"south": {"uv": [0, 0, 2, 16], "texture": "#0"},
				"west": {"uv": [0, 0, 3, 16], "texture": "#0"},
				"up": {"uv": [13, 0, 16, 2], "rotation": 90, "texture": "#0", "cullface": "up"},
				"down": {"uv": [13, 0, 16, 2], "rotation": 270, "texture": "#0", "cullface": "up"}
			}
		},
		{
			"from": [0, 0, 6.5],
			"to": [2, 16, 9.5],
			"rotation": {"angle": 0, "axis": "y", "origin": [8, 8, 8]},
			"faces": {
				"north": {"uv": [1, 0, 3, 16], "texture": "#0"},
				"east": {"uv": [0, 0, 3, 16], "texture": "#0"},
				"south": {"uv": [1, 0, 3, 16], "texture": "#0"},
				"west": {"uv": [0, 0, 3, 16], "texture": "#0"},
				"up": {"uv": [13, 1, 16, 3], "rotation": 90, "texture": "#0", "cullface": "up"},
				"down": {"uv": [13, 1, 16, 3], "rotation": 270, "texture": "#0", "cullface": "up"}
			}
		},
		{
			"from": [12, -1, 8.75],
			"to": [14, 15, 10.75],
			"rotation": {"angle": 0, "axis": "y", "origin": [8, 8, 8]},
			"faces": {
				"north": {"uv": [1, 0, 3, 16], "texture": "#1"},
				"east": {"uv": [1, 0, 3, 16], "texture": "#1"},
				"south": {"uv": [1, 0, 3, 16], "texture": "#1"},
				"west": {"uv": [1, 0, 3, 16], "texture": "#1"},
				"up": {"uv": [9, 5, 11, 7], "texture": "#1"},
				"down": {"uv": [6, 5, 8, 7], "rotation": 180, "texture": "#1"}
			}
		},
		{
			"from": [2, -1, 8.75],
			"to": [4, 15, 10.75],
			"rotation": {"angle": 0, "axis": "y", "origin": [8, 8, 8]},
			"faces": {
				"north": {"uv": [1, 0, 3, 16], "texture": "#1"},
				"east": {"uv": [1, 0, 3, 16], "texture": "#1"},
				"south": {"uv": [1, 0, 3, 16], "texture": "#1"},
				"west": {"uv": [1, 0, 3, 16], "texture": "#1"},
				"up": {"uv": [9, 5, 11, 7], "rotation": 180, "texture": "#1"},
				"down": {"uv": [6, 5, 8, 7], "texture": "#1"}
			}
		},
		{
			"from": [12, -5, 11.25],
			"to": [14, 11, 13.25],
			"rotation": {"angle": 0, "axis": "y", "origin": [8, 8, 8]},
			"faces": {
				"north": {"uv": [1, 0, 3, 11], "texture": "#1"},
				"east": {"uv": [1, 0, 3, 11], "texture": "#1"},
				"south": {"uv": [1, 0, 3, 11], "texture": "#1"},
				"west": {"uv": [1, 0, 3, 11], "texture": "#1"},
				"up": {"uv": [9, 5, 11, 7], "texture": "#1"},
				"down": {"uv": [6, 5, 8, 7], "rotation": 180, "texture": "#1"}
			}
		},
		{
			"from": [13, -3, 7],
			"to": [14, 13, 9],
			"rotation": {"angle": 0, "axis": "y", "origin": [8, 8, 8]},
			"faces": {
				"north": {"uv": [1, 0, 2, 16], "texture": "#1"},
				"east": {"uv": [1, 0, 3, 16], "texture": "#1"},
				"south": {"uv": [1, 0, 2, 16], "texture": "#1"},
				"west": {"uv": [1, 0, 3, 16], "texture": "#1"},
				"up": {"uv": [9, 6, 11, 7], "rotation": 90, "texture": "#1"},
				"down": {"uv": [6, 6, 8, 7], "rotation": 90, "texture": "#1"}
			}
		},
		{
			"from": [2, -3, 7],
			"to": [3, 13, 9],
			"rotation": {"angle": 0, "axis": "y", "origin": [8, 8, 8]},
			"faces": {
				"north": {"uv": [2, 0, 3, 16], "texture": "#1"},
				"east": {"uv": [1, 0, 3, 16], "texture": "#1"},
				"south": {"uv": [2, 0, 3, 16], "texture": "#1"},
				"west": {"uv": [1, 0, 3, 16], "texture": "#1"},
				"up": {"uv": [9, 6, 11, 7], "rotation": 90, "texture": "#1"},
				"down": {"uv": [6, 6, 8, 7], "rotation": 90, "texture": "#1"}
			}
		},
		{
			"from": [12.5, 5.15, 10],
			"to": [13.5, 11.65, 12],
			"rotation": {"angle": 22.5, "axis": "x", "origin": [8, 8, 8]},
			"faces": {
				"north": {"uv": [1, 0, 3, 6.5], "texture": "#1"},
				"east": {"uv": [1, 0, 3, 6.5], "texture": "#1"},
				"south": {"uv": [1, 0, 3, 6.5], "texture": "#1"},
				"west": {"uv": [1, 0, 3, 6.5], "texture": "#1"},
				"up": {"uv": [9, 5, 11, 7], "texture": "#1"},
				"down": {"uv": [6, 5, 8, 7], "rotation": 180, "texture": "#1"}
			}
		},
		{
			"from": [2, -5, 11.25],
			"to": [4, 11, 13.25],
			"rotation": {"angle": 0, "axis": "y", "origin": [8, 8, 8]},
			"faces": {
				"north": {"uv": [1, 0, 3, 16], "texture": "#1"},
				"east": {"uv": [1, 0, 3, 16], "texture": "#1"},
				"south": {"uv": [1, 0, 3, 16], "texture": "#1"},
				"west": {"uv": [1, 0, 3, 16], "texture": "#1"},
				"up": {"uv": [9, 5, 11, 7], "rotation": 180, "texture": "#1"},
				"down": {"uv": [6, 5, 8, 7], "texture": "#1"}
			}
		},
		{
			"from": [2.5, 5.15, 10],
			"to": [3.5, 11.65, 12],
			"rotation": {"angle": 22.5, "axis": "x", "origin": [8, 8, 8]},
			"faces": {
				"north": {"uv": [1, 0, 3, 6.5], "texture": "#1"},
				"east": {"uv": [1, 0, 3, 6.5], "texture": "#1"},
				"south": {"uv": [1, 0, 3, 6.5], "texture": "#1"},
				"west": {"uv": [1, 0, 3, 6.5], "texture": "#1"},
				"up": {"uv": [9, 5, 11, 7], "texture": "#1"},
				"down": {"uv": [6, 5, 8, 7], "rotation": 180, "texture": "#1"}
			}
		}
	]
}