{
	"credit": "Made with Blockbench",
	"parent": "block/block",
	"textures": {
		"particle": "#0"
	},
	"elements": [
		{
			"from": [14, 0, 6.5],
			"to": [16, 16, 9.5],
			"rotation": {"angle": 0, "axis": "y", "origin": [8, 8, 8]},
			"faces": {
				"north": {"uv": [0, 0, 2, 16], "texture": "#0"},
				"east": {"uv": [0, 0, 3, 16], "texture": "#0"},
				"south": {"uv": [0, 0, 2, 16], "texture": "#0"},
				"west": {"uv": [0, 0, 3, 16], "texture": "#0"},
				"up": {"uv": [13, 0, 16, 2], "rotation": 90, "texture": "#0", "cullface": "up"},
				"down": {"uv": [13, 0, 16, 2], "rotation": 270, "texture": "#0", "cullface": "up"}
			}
		},
		{
			"from": [0, 0, 6.5],
			"to": [2, 16, 9.5],
			"rotation": {"angle": 0, "axis": "y", "origin": [8, 8, 8]},
			"faces": {
				"north": {"uv": [1, 0, 3, 16], "texture": "#0"},
				"east": {"uv": [0, 0, 3, 16], "texture": "#0"},
				"south": {"uv": [1, 0, 3, 16], "texture": "#0"},
				"west": {"uv": [0, 0, 3, 16], "texture": "#0"},
				"up": {"uv": [13, 1, 16, 3], "rotation": 90, "texture": "#0", "cullface": "up"},
				"down": {"uv": [13, 1, 16, 3], "rotation": 270, "texture": "#0", "cullface": "up"}
			}
		},
		{
			"from": [10.75, -1, 7],
			"to": [12.75, 15, 9],
			"rotation": {"angle": 0, "axis": "y", "origin": [8, 8, 8]},
			"faces": {
				"north": {"uv": [1, 0, 3, 16], "texture": "#1"},
				"east": {"uv": [1, 0, 3, 16], "texture": "#1"},
				"south": {"uv": [1, 0, 3, 16], "texture": "#1"},
				"west": {"uv": [1, 0, 3, 16], "texture": "#1"},
				"up": {"uv": [9, 5, 11, 7], "rotation": 90, "texture": "#1"},
				"down": {"uv": [6, 5, 8, 7], "rotation": 90, "texture": "#1"}
			}
		},
		{
			"from": [8.25, -2, 7],
			"to": [10.25, 14, 9],
			"rotation": {"angle": 0, "axis": "y", "origin": [8, 8, 8]},
			"faces": {
				"north": {"uv": [1, 0, 3, 16], "texture": "#1"},
				"east": {"uv": [1, 0, 3, 16], "texture": "#1"},
				"south": {"uv": [1, 0, 3, 16], "texture": "#1"},
				"west": {"uv": [1, 0, 3, 16], "texture": "#1"},
				"up": {"uv": [9, 5, 11, 7], "rotation": 90, "texture": "#1"},
				"down": {"uv": [6, 5, 8, 7], "rotation": 90, "texture": "#1"}
			}
		},
		{
			"from": [3.25, -1, 7],
			"to": [5.25, 15, 9],
			"rotation": {"angle": 0, "axis": "y", "origin": [8, 8, 8]},
			"faces": {
				"north": {"uv": [1, 0, 3, 16], "texture": "#1"},
				"east": {"uv": [1, 0, 3, 16], "texture": "#1"},
				"south": {"uv": [1, 0, 3, 16], "texture": "#1"},
				"west": {"uv": [1, 0, 3, 16], "texture": "#1"},
				"up": {"uv": [9, 5, 11, 7], "rotation": 90, "texture": "#1"},
				"down": {"uv": [6, 5, 8, 7], "rotation": 90, "texture": "#1"}
			}
		},
		{
			"from": [5.75, -2, 7],
			"to": [7.75, 14, 9],
			"rotation": {"angle": 0, "axis": "y", "origin": [8, 8, 8]},
			"faces": {
				"north": {"uv": [1, 0, 3, 16], "texture": "#1"},
				"east": {"uv": [1, 0, 3, 16], "texture": "#1"},
				"south": {"uv": [1, 0, 3, 16], "texture": "#1"},
				"west": {"uv": [1, 0, 3, 16], "texture": "#1"},
				"up": {"uv": [9, 5, 11, 7], "rotation": 90, "texture": "#1"},
				"down": {"uv": [6, 5, 8, 7], "rotation": 90, "texture": "#1"}
			}
		},
		{
			"from": [13, -3, 7],
			"to": [14, 13, 9],
			"rotation": {"angle": 0, "axis": "y", "origin": [8, 8, 8]},
			"faces": {
				"north": {"uv": [1, 0, 2, 16], "texture": "#1"},
				"east": {"uv": [1, 0, 3, 16], "texture": "#1"},
				"south": {"uv": [1, 0, 2, 16], "texture": "#1"},
				"west": {"uv": [1, 0, 3, 16], "texture": "#1"},
				"up": {"uv": [9, 6, 11, 7], "rotation": 90, "texture": "#1"},
				"down": {"uv": [6, 6, 8, 7], "rotation": 90, "texture": "#1"}
			}
		},
		{
			"from": [2, -3, 7],
			"to": [3, 13, 9],
			"rotation": {"angle": 0, "axis": "y", "origin": [8, 8, 8]},
			"faces": {
				"north": {"uv": [2, 0, 3, 16], "texture": "#1"},
				"east": {"uv": [1, 0, 3, 16], "texture": "#1"},
				"south": {"uv": [2, 0, 3, 16], "texture": "#1"},
				"west": {"uv": [1, 0, 3, 16], "texture": "#1"},
				"up": {"uv": [9, 6, 11, 7], "rotation": 90, "texture": "#1"},
				"down": {"uv": [6, 6, 8, 7], "rotation": 90, "texture": "#1"}
			}
		},
		{
			"from": [1.6, 5.75, 7.4],
			"to": [15.6, 7.75, 8.4],
			"rotation": {"angle": -22.5, "axis": "z", "origin": [8, 8, 8]},
			"faces": {
				"north": {"uv": [1, 0, 3, 14], "rotation": 90, "texture": "#1"},
				"south": {"uv": [1, 0, 3, 14], "rotation": 270, "texture": "#1"},
				"up": {"uv": [1, 0, 3, 14], "rotation": 270, "texture": "#1"},
				"down": {"uv": [1, 0, 3, 14], "rotation": 270, "texture": "#1"}
			}
		},
		{
			"from": [0.4, 5.25, 7.6],
			"to": [14.4, 7.25, 8.6],
			"rotation": {"angle": 22.5, "axis": "z", "origin": [8, 8, 8]},
			"faces": {
				"north": {"uv": [1, 0, 3, 14], "rotation": 270, "texture": "#1"},
				"south": {"uv": [1, 0, 3, 14], "rotation": 90, "texture": "#1"},
				"up": {"uv": [1, 0, 3, 14], "rotation": 90, "texture": "#1"},
				"down": {"uv": [1, 0, 3, 14], "rotation": 90, "texture": "#1"}
			}
		}
	]
}