{
	"credit": "Made with Blockbench",
	"parent": "block/block",
	"textures": {
		"particle": "#0"
	},
	"elements": [
		{
			"from": [14, 0, 6.5],
			"to": [16, 16, 9.5],
			"rotation": {"angle": 0, "axis": "y", "origin": [8, 8, 8]},
			"faces": {
				"north": {"uv": [0, 0, 2, 16], "texture": "#0"},
				"east": {"uv": [0, 0, 3, 16], "texture": "#0"},
				"south": {"uv": [0, 0, 2, 16], "texture": "#0"},
				"west": {"uv": [0, 0, 3, 16], "texture": "#0"},
				"up": {"uv": [13, 0, 16, 2], "rotation": 90, "texture": "#0", "cullface": "up"},
				"down": {"uv": [13, 0, 16, 2], "rotation": 270, "texture": "#0", "cullface": "up"}
			}
		},
		{
			"from": [0, 0, 6.5],
			"to": [2, 16, 9.5],
			"rotation": {"angle": 0, "axis": "y", "origin": [8, 8, 8]},
			"faces": {
				"north": {"uv": [1, 0, 3, 16], "texture": "#0"},
				"east": {"uv": [0, 0, 3, 16], "texture": "#0"},
				"south": {"uv": [1, 0, 3, 16], "texture": "#0"},
				"west": {"uv": [0, 0, 3, 16], "texture": "#0"},
				"up": {"uv": [13, 1, 16, 3], "rotation": 90, "texture": "#0", "cullface": "up"},
				"down": {"uv": [13, 1, 16, 3], "rotation": 270, "texture": "#0", "cullface": "up"}
			}
		},
		{
			"from": [12, -1, 9],
			"to": [14, 15, 11],
			"rotation": {"angle": 0, "axis": "y", "origin": [8, 8, 8]},
			"faces": {
				"north": {"uv": [1, 0, 3, 16], "texture": "#1"},
				"east": {"uv": [1, 0, 3, 16], "texture": "#1"},
				"south": {"uv": [1, 0, 3, 16], "texture": "#1"},
				"west": {"uv": [1, 0, 3, 16], "texture": "#1"},
				"up": {"uv": [9, 5, 11, 7], "texture": "#1"},
				"down": {"uv": [6, 5, 8, 7], "rotation": 180, "texture": "#1"}
			}
		},
		{
			"from": [12, -2, 11.5],
			"to": [14, 14, 13.5],
			"rotation": {"angle": 0, "axis": "y", "origin": [8, 8, 8]},
			"faces": {
				"north": {"uv": [1, 0, 3, 16], "texture": "#1"},
				"east": {"uv": [1, 0, 3, 16], "texture": "#1"},
				"south": {"uv": [1, 0, 3, 16], "texture": "#1"},
				"west": {"uv": [1, 0, 3, 16], "texture": "#1"},
				"up": {"uv": [9, 5, 11, 7], "texture": "#1"},
				"down": {"uv": [6, 5, 8, 7], "rotation": 180, "texture": "#1"}
			}
		},
		{
			"from": [12, -1, 16.5],
			"to": [14, 15, 18.5],
			"rotation": {"angle": 0, "axis": "y", "origin": [8, 8, 8]},
			"faces": {
				"north": {"uv": [1, 0, 3, 16], "texture": "#1"},
				"east": {"uv": [1, 0, 3, 16], "texture": "#1"},
				"south": {"uv": [1, 0, 3, 16], "texture": "#1"},
				"west": {"uv": [1, 0, 3, 16], "texture": "#1"},
				"up": {"uv": [9, 5, 11, 7], "texture": "#1"},
				"down": {"uv": [6, 5, 8, 7], "rotation": 180, "texture": "#1"}
			}
		},
		{
			"from": [12, -2, 14],
			"to": [14, 14, 16],
			"rotation": {"angle": 0, "axis": "y", "origin": [8, 8, 8]},
			"faces": {
				"north": {"uv": [1, 0, 3, 16], "texture": "#1"},
				"east": {"uv": [1, 0, 3, 16], "texture": "#1"},
				"south": {"uv": [1, 0, 3, 16], "texture": "#1"},
				"west": {"uv": [1, 0, 3, 16], "texture": "#1"},
				"up": {"uv": [9, 5, 11, 7], "texture": "#1"},
				"down": {"uv": [6, 5, 8, 7], "rotation": 180, "texture": "#1"}
			}
		},
		{
			"from": [13, -3, 7],
			"to": [14, 13, 9],
			"rotation": {"angle": 0, "axis": "y", "origin": [8, 8, 8]},
			"faces": {
				"north": {"uv": [1, 0, 2, 16], "texture": "#1"},
				"east": {"uv": [1, 0, 3, 16], "texture": "#1"},
				"south": {"uv": [1, 0, 2, 16], "texture": "#1"},
				"west": {"uv": [1, 0, 3, 16], "texture": "#1"},
				"up": {"uv": [9, 6, 11, 7], "rotation": 90, "texture": "#1"},
				"down": {"uv": [6, 6, 8, 7], "rotation": 90, "texture": "#1"}
			}
		},
		{
			"from": [12, -3, 18.75],
			"to": [14, 13, 19.75],
			"rotation": {"angle": 0, "axis": "y", "origin": [8, 8, 8]},
			"faces": {
				"north": {"uv": [1, 0, 3, 16], "texture": "#1"},
				"east": {"uv": [2, 0, 3, 16], "texture": "#1"},
				"south": {"uv": [1, 0, 3, 16], "texture": "#1"},
				"west": {"uv": [2, 0, 3, 16], "texture": "#1"},
				"up": {"uv": [9, 6, 11, 7], "texture": "#1"},
				"down": {"uv": [6, 6, 8, 7], "rotation": 180, "texture": "#1"}
			}
		},
		{
			"from": [12.5, 8, 10.15],
			"to": [13.5, 10, 20.65],
			"rotation": {"angle": 22.5, "axis": "x", "origin": [8, 10.25, 8]},
			"faces": {
				"east": {"uv": [1, 0, 3, 10.5], "rotation": 270, "texture": "#1"},
				"west": {"uv": [1, 0, 3, 10.5], "rotation": 90, "texture": "#1"},
				"up": {"uv": [1, 0, 3, 10.5], "rotation": 180, "texture": "#1"},
				"down": {"uv": [1, 0, 3, 10.5], "texture": "#1"}
			}
		},
		{
			"from": [12.3, 4, 7.4],
			"to": [13.3, 6, 17.9],
			"rotation": {"angle": -22.5, "axis": "x", "origin": [8, 10.25, 8]},
			"faces": {
				"east": {"uv": [1, 0, 3, 10.5], "rotation": 270, "texture": "#1"},
				"west": {"uv": [1, 0, 3, 10.5], "rotation": 90, "texture": "#1"},
				"up": {"uv": [1, 0, 3, 10.5], "rotation": 180, "texture": "#1"},
				"down": {"uv": [1, 0, 3, 10.5], "texture": "#1"}
			}
		}
	]
}