{
	"variants": {
	"":
		[
			{
				"model": "minecraft:block/cactus"
			},
			{
				"model": "minecraft:block/cactus",
				"y": 90
			},
			{
				"model": "minecraft:block/cactus",
				"y": 180
			},
			{
				"model": "minecraft:block/cactus",
				"y": 270
			},
			{
				"model": "minecraft:block/cactus1"
			},
			{
				"model": "minecraft:block/cactus1",
				"y": 90
			},
			{
				"model": "minecraft:block/cactus1",
				"y": 180
			},
			{
				"model": "minecraft:block/cactus1",
				"y": 270
			},
			{
				"model": "minecraft:block/cactus2"
			},
			{
				"model": "minecraft:block/cactus2",
				"y": 90
			}
		]
	}
}