{
	"credit": "Made with Blockbench",
	"ambientocclusion": false,
	"textures": {
		"0": "block/kelp",
		"1": "block/kelp_plant",
		"particle": "block/kelp"
	},
	"elements": [
		{
			"from": [12, 1, 0],
			"to": [12, 13, 16],
			"shade": false,
			"rotation": {"angle": -22.5, "axis": "z", "origin": [8, 8.25, 8]},
			"faces": {
				"east": {"uv": [0, 0, 16, 12], "texture": "#1"},
				"west": {"uv": [16, 0, 0, 12], "texture": "#1"}
			}
		},
		{
			"from": [4, 1, 0],
			"to": [4, 13, 16],
			"shade": false,
			"rotation": {"angle": 22.5, "axis": "z", "origin": [8, 8.25, 8]},
			"faces": {
				"east": {"uv": [16, 0, 0, 12], "texture": "#1"},
				"west": {"uv": [0, 0, 16, 12], "texture": "#1"}
			}
		},
		{
			"from": [0, 14.15, 6.1],
			"to": [16, 30.15, 6.1],
			"shade": false,
			"rotation": {"angle": -45, "axis": "x", "origin": [8, 8.25, 8]},
			"faces": {
				"north": {"uv": [0, 0, 16, 16], "texture": "#0", "cullface": "north"},
				"south": {"uv": [16, 0, 0, 16], "texture": "#0"}
			}
		},
		{
			"from": [0, 14.15, 9.9],
			"to": [16, 30.15, 9.9],
			"shade": false,
			"rotation": {"angle": 45, "axis": "x", "origin": [8, 8.25, 8]},
			"faces": {
				"north": {"uv": [16, 0, 0, 16], "texture": "#0"},
				"south": {"uv": [0, 0, 16, 16], "texture": "#0"}
			}
		},
		{
			"from": [9.9, 14.15, 0],
			"to": [9.9, 30.15, 16],
			"shade": false,
			"rotation": {"angle": -45, "axis": "z", "origin": [8, 8.25, 8]},
			"faces": {
				"east": {"uv": [0, 0, 16, 16], "texture": "#0", "cullface": "east"},
				"west": {"uv": [16, 0, 0, 16], "texture": "#0"}
			}
		},
		{
			"from": [6.1, 14.15, 0],
			"to": [6.1, 30.15, 16],
			"shade": false,
			"rotation": {"angle": 45, "axis": "z", "origin": [8, 8.25, 8]},
			"faces": {
				"east": {"uv": [16, 0, 0, 16], "texture": "#0"},
				"west": {"uv": [0, 0, 16, 16], "texture": "#0", "cullface": "west"}
			}
		},
		{
			"from": [0, 1, 4],
			"to": [16, 13, 4],
			"shade": false,
			"rotation": {"angle": -22.5, "axis": "x", "origin": [8, 8.25, 8]},
			"faces": {
				"north": {"uv": [0, 0, 16, 12], "texture": "#1"},
				"south": {"uv": [16, 0, 0, 12], "texture": "#1"}
			}
		},
		{
			"from": [0, 1, 12],
			"to": [16, 13, 12],
			"shade": false,
			"rotation": {"angle": 22.5, "axis": "x", "origin": [8, 8.25, 8]},
			"faces": {
				"north": {"uv": [16, 0, 0, 12], "texture": "#1"},
				"south": {"uv": [0, 0, 16, 12], "texture": "#1"}
			}
		},
		{
			"from": [0.8, 0, 8],
			"to": [15.2, 16, 8],
			"shade": false,
			"rotation": {"angle": 22.5, "axis": "y", "origin": [8, 8.25, 8], "rescale": true},
			"faces": {
				"north": {"uv": [0, 0, 16, 16], "texture": "#0"},
				"south": {"uv": [0, 0, 16, 16], "texture": "#0"}
			}
		},
		{
			"from": [0.8, 0, 8],
			"to": [15.2, 16, 8],
			"shade": false,
			"rotation": {"angle": -22.5, "axis": "y", "origin": [8, 8.25, 8], "rescale": true},
			"faces": {
				"north": {"uv": [0, 0, 16, 16], "texture": "#0"},
				"south": {"uv": [0, 0, 16, 16], "texture": "#0"}
			}
		},
		{
			"from": [8, 0, 0],
			"to": [8, 16, 16],
			"shade": false,
			"rotation": {"angle": 0, "axis": "y", "origin": [8, 8.25, 8]},
			"faces": {
				"east": {"uv": [0, 0, 16, 16], "texture": "#0"},
				"west": {"uv": [0, 0, 16, 16], "texture": "#0"}
			}
		}
	]
}