{
	"credit": "Made with Blockbench",
	"ambientocclusion": false,
	"textures": {
		"1": "entity/skeleton/skeleton",
		"particle": "block/sand"
	},
	"elements": [
		{
			"from": [6.5, 12, 9],
			"to": [12.5, 18, 15],
			"shade": false,
			"rotation": {"angle": -45, "axis": "x", "origin": [8, 8, 8]},
			"faces": {
				"north": {"uv": [0, 4, 2, 8], "texture": "#1", "cullface": "up"},
				"east": {"uv": [6, 4, 8, 8], "texture": "#1", "cullface": "up"},
				"south": {"uv": [4, 4, 6, 8], "texture": "#1", "cullface": "up"},
				"west": {"uv": [2, 4, 4, 8], "texture": "#1", "cullface": "up"},
				"up": {"uv": [2, 0, 4, 4], "rotation": 90, "texture": "#1", "cullface": "up"}
			}
		}
	]
}