{
	"credit": "Made with Blockbench",
	"textures": {
		"particle": "#side"
	},
	"elements": [
		{
			"from": [3, 6, -13.75],
			"to": [6, 9, -1.75],
			"rotation": {"angle": 22.5, "axis": "x", "origin": [0, 0, 0]},
			"faces": {
				"north": {"uv": [7, 7, 10, 10], "texture": "#top", "cullface": "north"},
				"east": {"uv": [6, 4, 9, 16], "rotation": 90, "texture": "#side", "cullface": "north"},
				"west": {"uv": [6, 4, 9, 16], "rotation": 270, "texture": "#side", "cullface": "north"},
				"up": {"uv": [9, 16, 6, 4], "rotation": 180, "texture": "#side", "cullface": "north"},
				"down": {"uv": [6, 16, 9, 4], "texture": "#side", "cullface": "north"}
			}
		},
		{
			"from": [11.25, 2.5, -6],
			"to": [15.25, 3.5, -5],
			"rotation": {"angle": 45, "axis": "z", "origin": [0, 0, 0]},
			"faces": {
				"north": {"uv": [6, 6, 10, 7], "rotation": 270, "texture": "#side", "cullface": "north"},
				"east": {"uv": [8, 7, 9, 8], "rotation": 90, "texture": "#top", "cullface": "north"},
				"south": {"uv": [6, 6, 10, 7], "rotation": 90, "texture": "#side", "cullface": "north"},
				"up": {"uv": [6, 6, 10, 7], "rotation": 90, "texture": "#side", "cullface": "north"},
				"down": {"uv": [6, 6, 10, 7], "rotation": 90, "texture": "#side", "cullface": "north"}
			}
		}
	]
}