{
	"variants": {
		"": [
		{"model": "byg:block/california_poppy"},
		{"model": "byg:block/california_poppy_1"},
		{"model": "byg:block/california_poppy_1", "y": 90},
		{"model": "byg:block/california_poppy_1", "y": 180},
		{"model": "byg:block/california_poppy_1", "y": 270},
		{"model": "byg:block/california_poppy_2"},
		{"model": "byg:block/california_poppy_2", "y": 90},
		{"model": "byg:block/california_poppy_2", "y": 180},
		{"model": "byg:block/california_poppy_2", "y": 270},
		{"model": "byg:block/california_poppy_3"},
		{"model": "byg:block/california_poppy_3", "y": 90},
		{"model": "byg:block/california_poppy_3", "y": 180},
		{"model": "byg:block/california_poppy_3", "y": 270},
		{"model": "byg:block/california_poppy_4"},
		{"model": "byg:block/california_poppy_4", "y": 90},
		{"model": "byg:block/california_poppy_4", "y": 180},
		{"model": "byg:block/california_poppy_4", "y": 270},
		{"model": "byg:block/california_poppy_5"}]
	}
}