{
	"variants": {
		"": [
			{"model": "minecraft:block/dirt_path", "weight": 28},
			{"model": "minecraft:block/dirt_path", "y": 90, "weight": 28},
			{"model": "minecraft:block/dirt_path", "y": 180, "weight": 28},
			{"model": "minecraft:block/dirt_path", "y": 270, "weight": 28},
			{"model": "minecraft:block/dirt_path_one"},
			{"model": "minecraft:block/dirt_path_one", "y": 90},
			{"model": "minecraft:block/dirt_path_one", "y": 180},
			{"model": "minecraft:block/dirt_path_one", "y": 270},
			{"model": "minecraft:block/dirt_path_two"},
			{"model": "minecraft:block/dirt_path_two", "y": 90},
			{"model": "minecraft:block/dirt_path_two", "y": 180},
			{"model": "minecraft:block/dirt_path_two", "y": 270}
		]
	}
}