{
	"credit": "Made with Blockbench",
	"parent": "minecraft:block/tinted_cross",
	"textures": {
		"texture": "block/fern",
		"particle": "#texture"
	},
	"elements": [
		{
			"from": [0, 5.5, -0.3],
			"to": [16, 5.5, 10.7],
			"shade": false,
			"rotation": {"angle": -45, "axis": "x", "origin": [8, 8.25, 8], "rescale": true},
			"faces": {
				"up": {"uv": [0, 6, 16, 16], "rotation": 180, "texture": "#texture", "tintindex": 0},
				"down": {"uv": [0, 6, 16, 16], "texture": "#texture", "tintindex": 0}
			}
		},
		{
			"from": [0, 6.35, 12.4],
			"to": [16, 6.35, 19.4],
			"shade": false,
			"rotation": {"angle": -22.5, "axis": "x", "origin": [8, 8.25, 8], "rescale": true},
			"faces": {
				"up": {"uv": [0, 0, 16, 6], "rotation": 180, "texture": "#texture", "tintindex": 0},
				"down": {"uv": [0, 0, 16, 6], "texture": "#texture", "tintindex": 0}
			}
		},
		{
			"from": [-3.4, 6.35, 0],
			"to": [3.6, 6.35, 16],
			"shade": false,
			"rotation": {"angle": -22.5, "axis": "z", "origin": [8, 8.25, 8], "rescale": true},
			"faces": {
				"up": {"uv": [0, 0, 16, 6], "rotation": 270, "texture": "#texture", "tintindex": 0},
				"down": {"uv": [0, 0, 16, 6], "rotation": 270, "texture": "#texture", "tintindex": 0}
			}
		},
		{
			"from": [5.3, 5.5, 0],
			"to": [16.3, 5.5, 16],
			"shade": false,
			"rotation": {"angle": -45, "axis": "z", "origin": [8, 8.25, 8], "rescale": true},
			"faces": {
				"up": {"uv": [0, 6, 16, 16], "rotation": 270, "texture": "#texture", "tintindex": 0},
				"down": {"uv": [0, 6, 16, 16], "rotation": 270, "texture": "#texture", "tintindex": 0}
			}
		},
		{
			"from": [-0.3, 5.5, 0],
			"to": [10.7, 5.5, 16],
			"shade": false,
			"rotation": {"angle": 45, "axis": "z", "origin": [8, 8.25, 8], "rescale": true},
			"faces": {
				"up": {"uv": [0, 6, 16, 16], "rotation": 90, "texture": "#texture", "tintindex": 0},
				"down": {"uv": [0, 6, 16, 16], "rotation": 90, "texture": "#texture", "tintindex": 0}
			}
		},
		{
			"from": [12.4, 6.35, 0],
			"to": [18.4, 6.35, 16],
			"shade": false,
			"rotation": {"angle": 22.5, "axis": "z", "origin": [8, 8.25, 8], "rescale": true},
			"faces": {
				"up": {"uv": [0, 0, 16, 6], "rotation": 90, "texture": "#texture", "tintindex": 0},
				"down": {"uv": [0, 0, 16, 6], "rotation": 90, "texture": "#texture", "tintindex": 0}
			}
		},
		{
			"from": [0, 5.5, 5.4],
			"to": [16, 5.5, 16.4],
			"shade": false,
			"rotation": {"angle": 45, "axis": "x", "origin": [8, 8.25, 8], "rescale": true},
			"faces": {
				"up": {"uv": [0, 6, 16, 16], "texture": "#texture", "tintindex": 0},
				"down": {"uv": [0, 6, 16, 16], "rotation": 180, "texture": "#texture", "tintindex": 0}
			}
		},
		{
			"from": [0, 6.3, -3.3],
			"to": [16, 6.3, 3.7],
			"shade": false,
			"rotation": {"angle": 22.5, "axis": "x", "origin": [8, 8.25, 8], "rescale": true},
			"faces": {
				"up": {"uv": [0, 0, 16, 6], "texture": "#texture", "tintindex": 0},
				"down": {"uv": [0, 0, 16, 6], "rotation": 180, "texture": "#texture", "tintindex": 0}
			}
		},
		{
			"from": [0.8, 0, 8],
			"to": [15.2, 16, 8],
			"shade": false,
			"rotation": {"angle": 45, "axis": "y", "origin": [8, 8.25, 8], "rescale": true},
			"faces": {
				"north": {"uv": [0, 0, 16, 16], "texture": "#texture", "tintindex": 0},
				"south": {"uv": [0, 0, 16, 16], "texture": "#texture", "tintindex": 0}
			}
		},
		{
			"from": [8, 0, 0.8],
			"to": [8, 16, 15.2],
			"shade": false,
			"rotation": {"angle": 45, "axis": "y", "origin": [8, 8.25, 8], "rescale": true},
			"faces": {
				"east": {"uv": [0, 0, 16, 16], "texture": "#texture", "tintindex": 0},
				"west": {"uv": [0, 0, 16, 16], "texture": "#texture", "tintindex": 0}
			}
		}
	],
	"groups": [
		{
			"name": "group",
			"origin": [8, 8.25, 8],
			"color": 0,
			"children": [0, 1, 2, 3, 4, 5, 6, 7, 8, 9]
		}
	]
}