{
	"credit": "Made with Blockbench",
	"parent": "block/block",
	"textures": {
		"particle": "#all"
	},
	"elements": [
		{
			"name": "leaves_block",
			"from": [0, 0, 0],
			"to": [16, 16, 16],
			"faces": {
				"north": {"uv": [0, 0, 16, 16], "texture": "#all", "cullface": "north"},
				"east": {"uv": [0, 0, 16, 16], "texture": "#all", "cullface": "east"},
				"south": {"uv": [0, 0, 16, 16], "texture": "#all", "cullface": "south"},
				"west": {"uv": [0, 0, 16, 16], "texture": "#all", "cullface": "west"},
				"up": {"uv": [0, 0, 16, 16], "texture": "#all", "cullface": "up"},
				"down": {"uv": [0, 0, 16, 16], "texture": "#all", "cullface": "down"}
			}
		},
		{
			"from": [-4, -4, 8],
			"to": [4, 4, 8],
			"shade": false,
			"rotation": {"angle": -22.5, "axis": "y", "origin": [8, 8, 8]},
			"faces": {
				"north": {"uv": [0, 0, 8, 8], "texture": "#all"},
				"south": {"uv": [8, 0, 16, 8], "texture": "#all"}
			}
		},
		{
			"from": [-4, 4, 8],
			"to": [4, 20, 8],
			"shade": false,
			"rotation": {"angle": -22.5, "axis": "y", "origin": [8, 8, 8]},
			"faces": {
				"north": {"uv": [0, 0, 8, 16], "texture": "#all"},
				"south": {"uv": [8, 0, 16, 16], "texture": "#all"}
			}
		},
		{
			"from": [4, 20, 8],
			"to": [16, 22, 8],
			"shade": false,
			"rotation": {"angle": -22.5, "axis": "y", "origin": [8, 8, 8]},
			"faces": {
				"north": {"uv": [4, 14, 16, 16], "texture": "#all", "cullface": "up"},
				"south": {"uv": [0, 14, 12, 16], "texture": "#all", "cullface": "up"}
			}
		},
		{
			"from": [4, -6, 8],
			"to": [16, -4, 8],
			"shade": false,
			"rotation": {"angle": -22.5, "axis": "y", "origin": [8, 8, 8]},
			"faces": {
				"north": {"uv": [4, 8, 16, 10], "texture": "#all", "cullface": "down"},
				"south": {"uv": [0, 8, 12, 10], "texture": "#all", "cullface": "down"}
			}
		},
		{
			"from": [0, 20, 8],
			"to": [4, 22, 8],
			"shade": false,
			"rotation": {"angle": -22.5, "axis": "y", "origin": [8, 8, 8]},
			"faces": {
				"north": {"uv": [0, 14, 4, 16], "texture": "#all", "cullface": "up"},
				"south": {"uv": [12, 14, 16, 16], "texture": "#all", "cullface": "up"}
			}
		},
		{
			"from": [0, -6, 8],
			"to": [4, -4, 8],
			"shade": false,
			"rotation": {"angle": -22.5, "axis": "y", "origin": [8, 8, 8]},
			"faces": {
				"north": {"uv": [0, 8, 4, 10], "texture": "#all", "cullface": "down"},
				"south": {"uv": [12, 8, 16, 10], "texture": "#all", "cullface": "down"}
			}
		},
		{
			"from": [20, 4, 8],
			"to": [22, 16, 8],
			"shade": false,
			"rotation": {"angle": -22.5, "axis": "y", "origin": [8, 8, 8]},
			"faces": {
				"north": {"uv": [14, 4, 16, 16], "texture": "#all", "cullface": "east"},
				"south": {"uv": [0, 4, 2, 16], "texture": "#all", "cullface": "east"}
			}
		},
		{
			"from": [-6, 4, 8],
			"to": [-4, 16, 8],
			"shade": false,
			"rotation": {"angle": -22.5, "axis": "y", "origin": [8, 8, 8]},
			"faces": {
				"north": {"uv": [8, 4, 10, 16], "texture": "#all", "cullface": "west"},
				"south": {"uv": [6, 4, 8, 16], "texture": "#all", "cullface": "west"}
			}
		},
		{
			"from": [20, 0, 8],
			"to": [22, 4, 8],
			"shade": false,
			"rotation": {"angle": -22.5, "axis": "y", "origin": [8, 8, 8]},
			"faces": {
				"north": {"uv": [14, 0, 16, 4], "texture": "#all", "cullface": "east"},
				"south": {"uv": [0, 0, 2, 4], "texture": "#all", "cullface": "east"}
			}
		},
		{
			"from": [-6, 0, 8],
			"to": [-4, 4, 8],
			"shade": false,
			"rotation": {"angle": -22.5, "axis": "y", "origin": [8, 8, 8]},
			"faces": {
				"north": {"uv": [8, 0, 10, 4], "texture": "#all", "cullface": "west"},
				"south": {"uv": [6, 0, 8, 4], "texture": "#all", "cullface": "west"}
			}
		},
		{
			"from": [4, -4, 8],
			"to": [20, 4, 8],
			"shade": false,
			"rotation": {"angle": -22.5, "axis": "y", "origin": [8, 8, 8]},
			"faces": {
				"north": {"uv": [0, 0, 16, 8], "texture": "#all"},
				"south": {"uv": [0, 0, 16, 8], "texture": "#all"}
			}
		},
		{
			"from": [4, 4, 8],
			"to": [20, 20, 8],
			"shade": false,
			"rotation": {"angle": -22.5, "axis": "y", "origin": [8, 8, 8]},
			"faces": {
				"north": {"uv": [0, 0, 16, 16], "texture": "#all"},
				"south": {"uv": [0, 0, 16, 16], "texture": "#all"}
			}
		},
		{
			"from": [8, -4, -4],
			"to": [8, 4, 4],
			"shade": false,
			"rotation": {"angle": -22.5, "axis": "y", "origin": [8, 8, 8]},
			"faces": {
				"east": {"uv": [0, 0, 8, 8], "texture": "#all"},
				"west": {"uv": [8, 0, 16, 8], "texture": "#all"}
			}
		},
		{
			"from": [8, 4, -4],
			"to": [8, 20, 4],
			"shade": false,
			"rotation": {"angle": -22.5, "axis": "y", "origin": [8, 8, 8]},
			"faces": {
				"east": {"uv": [0, 0, 8, 16], "texture": "#all"},
				"west": {"uv": [8, 0, 16, 16], "texture": "#all"}
			}
		},
		{
			"from": [8, 20, 4],
			"to": [8, 22, 16],
			"shade": false,
			"rotation": {"angle": -22.5, "axis": "y", "origin": [8, 8, 8]},
			"faces": {
				"east": {"uv": [4, 14, 16, 16], "texture": "#all", "cullface": "up"},
				"west": {"uv": [0, 14, 12, 16], "texture": "#all", "cullface": "up"}
			}
		},
		{
			"from": [8, -6, 4],
			"to": [8, -4, 16],
			"shade": false,
			"rotation": {"angle": -22.5, "axis": "y", "origin": [8, 8, 8]},
			"faces": {
				"east": {"uv": [4, 8, 16, 10], "texture": "#all", "cullface": "down"},
				"west": {"uv": [0, 8, 12, 10], "texture": "#all", "cullface": "down"}
			}
		},
		{
			"from": [8, 20, 0],
			"to": [8, 22, 4],
			"shade": false,
			"rotation": {"angle": -22.5, "axis": "y", "origin": [8, 8, 8]},
			"faces": {
				"east": {"uv": [0, 14, 4, 16], "texture": "#all", "cullface": "up"},
				"west": {"uv": [12, 14, 16, 16], "texture": "#all", "cullface": "up"}
			}
		},
		{
			"from": [8, -6, 0],
			"to": [8, -4, 4],
			"shade": false,
			"rotation": {"angle": -22.5, "axis": "y", "origin": [8, 8, 8]},
			"faces": {
				"east": {"uv": [0, 8, 4, 10], "texture": "#all", "cullface": "down"},
				"west": {"uv": [12, 8, 16, 10], "texture": "#all", "cullface": "down"}
			}
		},
		{
			"from": [8, 4, 20],
			"to": [8, 16, 22],
			"shade": false,
			"rotation": {"angle": -22.5, "axis": "y", "origin": [8, 8, 8]},
			"faces": {
				"east": {"uv": [14, 4, 16, 16], "texture": "#all", "cullface": "south"},
				"west": {"uv": [0, 4, 2, 16], "texture": "#all", "cullface": "south"}
			}
		},
		{
			"from": [8, 4, -6],
			"to": [8, 16, -4],
			"shade": false,
			"rotation": {"angle": -22.5, "axis": "y", "origin": [8, 8, 8]},
			"faces": {
				"east": {"uv": [8, 4, 10, 16], "texture": "#all", "cullface": "north"},
				"west": {"uv": [6, 4, 8, 16], "texture": "#all", "cullface": "north"}
			}
		},
		{
			"from": [8, 0, 20],
			"to": [8, 4, 22],
			"shade": false,
			"rotation": {"angle": -22.5, "axis": "y", "origin": [8, 8, 8]},
			"faces": {
				"east": {"uv": [14, 0, 16, 4], "texture": "#all", "cullface": "south"},
				"west": {"uv": [0, 0, 2, 4], "texture": "#all", "cullface": "south"}
			}
		},
		{
			"from": [8, 0, -6],
			"to": [8, 4, -4],
			"shade": false,
			"rotation": {"angle": -22.5, "axis": "y", "origin": [8, 8, 8]},
			"faces": {
				"east": {"uv": [8, 0, 10, 4], "texture": "#all", "cullface": "north"},
				"west": {"uv": [6, 0, 8, 4], "texture": "#all", "cullface": "north"}
			}
		},
		{
			"from": [8, -4, 4],
			"to": [8, 4, 20],
			"shade": false,
			"rotation": {"angle": -22.5, "axis": "y", "origin": [8, 8, 8]},
			"faces": {
				"east": {"uv": [0, 0, 16, 8], "texture": "#all"},
				"west": {"uv": [0, 0, 16, 8], "texture": "#all"}
			}
		},
		{
			"from": [8, 4, 4],
			"to": [8, 20, 20],
			"shade": false,
			"rotation": {"angle": -22.5, "axis": "y", "origin": [8, 8, 8]},
			"faces": {
				"east": {"uv": [0, 0, 16, 16], "texture": "#all"},
				"west": {"uv": [0, 0, 16, 16], "texture": "#all"}
			}
		}
	],
	"groups": [0,
		{
			"name": "leaves_bushy",
			"origin": [8, 8, 8],
			"color": 0,
			"children": [
				{
					"name": "1",
					"origin": [8, 8, 8],
					"color": 0,
					"children": [1, 2, 3, 4, 5, 6, 7, 8, 9, 10, 11, 12]
				},
				{
					"name": "2",
					"origin": [8, 8, 8],
					"color": 0,
					"children": [13, 14, 15, 16, 17, 18, 19, 20, 21, 22, 23, 24]
				}
			]
		}
	]
}