{
	"credit": "Made with Blockbench",
	"parent": "block/template_foliage_notint1",
	"textures": {
		"particle": "#texture"
	},
	"elements": [
		{
			"from": [0, -1, 4],
			"to": [16, 15, 4],
			"shade": false,
			"rotation": {"angle": 0, "axis": "y", "origin": [0, -1, 0]},
			"faces": {
				"north": {"uv": [0, 0, 16, 16], "texture": "#texture"},
				"south": {"uv": [0, 0, 16, 16], "texture": "#texture"}
			}
		},
		{
			"from": [12, -1, 0],
			"to": [12, 15, 16],
			"shade": false,
			"rotation": {"angle": 0, "axis": "y", "origin": [0, -1, 0]},
			"faces": {
				"east": {"uv": [0, 0, 16, 16], "texture": "#texture"},
				"west": {"uv": [0, 0, 16, 16], "texture": "#texture"}
			}
		},
		{
			"from": [4, -1, 0],
			"to": [4, 15, 16],
			"shade": false,
			"rotation": {"angle": 0, "axis": "y", "origin": [0, -1, 0]},
			"faces": {
				"east": {"uv": [0, 0, 16, 16], "texture": "#texture"},
				"west": {"uv": [0, 0, 16, 16], "texture": "#texture"}
			}
		},
		{
			"from": [0, 1, 0.8],
			"to": [0, 17, 15.2],
			"shade": false,
			"rotation": {"angle": 45, "axis": "y", "origin": [0, -1, 0], "rescale": true},
			"faces": {
				"east": {"uv": [0, 0, 16, 16], "texture": "#texture1"},
				"west": {"uv": [0, 0, 16, 16], "texture": "#texture1"}
			}
		},
		{
			"from": [0, -1, 0.8],
			"to": [0, 1, 15.2],
			"shade": false,
			"rotation": {"angle": 45, "axis": "y", "origin": [0, -1, 0], "rescale": true},
			"faces": {
				"east": {"uv": [0, 15, 16, 16], "texture": "#texture1"},
				"west": {"uv": [0, 15, 16, 16], "texture": "#texture1"}
			}
		},
		{
			"from": [-7.2, 1, 8],
			"to": [7.2, 17, 8],
			"shade": false,
			"rotation": {"angle": 45, "axis": "y", "origin": [0, -1, 0], "rescale": true},
			"faces": {
				"north": {"uv": [0, 0, 16, 16], "texture": "#texture1"},
				"south": {"uv": [0, 0, 16, 16], "texture": "#texture1"}
			}
		},
		{
			"from": [-7.2, -1, 8],
			"to": [7.2, 1, 8],
			"shade": false,
			"rotation": {"angle": 45, "axis": "y", "origin": [0, -1, 0], "rescale": true},
			"faces": {
				"north": {"uv": [0, 15, 16, 16], "texture": "#texture1"},
				"south": {"uv": [0, 15, 16, 16], "texture": "#texture1"}
			}
		},
		{
			"from": [0, -1, 12],
			"to": [16, 15, 12],
			"shade": false,
			"rotation": {"angle": 0, "axis": "y", "origin": [0, -1, 0]},
			"faces": {
				"north": {"uv": [0, 0, 16, 16], "texture": "#texture"},
				"south": {"uv": [0, 0, 16, 16], "texture": "#texture"}
			}
		}
	]
}