{
	"credit": "Made with Blockbench",
	"parent": "block/block",
	"textures": {
		"side": "block/podzol_side",
		"top": "block/podzol_top",
		"bottom": "block/dirt",
		"particle": "#bottom"
	},
	"elements": [
		{
			"from": [0, 0, 0],
			"to": [16, 4, 16],
			"faces": {
				"north": {"uv": [0, 1, 16, 5], "texture": "#side", "cullface": "north"},
				"east": {"uv": [0, 1, 16, 5], "texture": "#side", "cullface": "east"},
				"south": {"uv": [0, 1, 16, 5], "texture": "#side", "cullface": "south"},
				"west": {"uv": [0, 1, 16, 5], "texture": "#side", "cullface": "west"},
				"down": {"uv": [0, 0, 16, 16], "texture": "#bottom", "cullface": "down"}
			}
		},
		{
			"from": [0, 4, 0],
			"to": [16, 16, 16],
			"faces": {
				"north": {"uv": [0, 0, 16, 12], "texture": "#top", "cullface": "north"},
				"east": {"uv": [0, 0, 16, 12], "texture": "#top", "cullface": "east"},
				"south": {"uv": [0, 0, 16, 12], "texture": "#top", "cullface": "south"},
				"west": {"uv": [0, 0, 16, 12], "texture": "#top", "cullface": "west"},
				"up": {"uv": [0, 0, 16, 16], "texture": "#top", "cullface": "up"}
			}
		}
	]
}