{
	"variants": {
		"facing=east,half=lower,hinge=left,open=false": { "model": "minecraft:block/oak_door_bottom" },
		"facing=east,half=lower,hinge=left,open=true": { "model": "minecraft:block/oak_door_bottom_hinge", "y": 90 },
		"facing=east,half=lower,hinge=right,open=false": { "model": "minecraft:block/oak_door_bottom_hinge" },
		"facing=east,half=lower,hinge=right,open=true": { "model": "minecraft:block/oak_door_bottom", "y": 270 },
		"facing=east,half=upper,hinge=left,open=false": [
		{ "model": "minecraft:block/oak_door_top", "weight": 699 },
		{ "model": "minecraft:block/oak_door_top_hrb" }],
		"facing=east,half=upper,hinge=left,open=true": { "model": "minecraft:block/oak_door_top_hinge", "y": 90 },
		"facing=east,half=upper,hinge=right,open=false": [
		{ "model": "minecraft:block/oak_door_top_hinge", "weight": 699 },
		{ "model": "minecraft:block/oak_door_top_hinge_hrb" }],
		"facing=east,half=upper,hinge=right,open=true": { "model": "minecraft:block/oak_door_top", "y": 270 },
		"facing=north,half=lower,hinge=left,open=false": { "model": "minecraft:block/oak_door_bottom", "y": 270 },
		"facing=north,half=lower,hinge=left,open=true": { "model": "minecraft:block/oak_door_bottom_hinge" },
		"facing=north,half=lower,hinge=right,open=false": { "model": "minecraft:block/oak_door_bottom_hinge", "y": 270 },
		"facing=north,half=lower,hinge=right,open=true": { "model": "minecraft:block/oak_door_bottom", "y": 180 },
		"facing=north,half=upper,hinge=left,open=false": [
		{ "model": "minecraft:block/oak_door_top", "y": 270, "weight": 699 },
		{ "model": "minecraft:block/oak_door_top_hrb", "y": 270 }],
		"facing=north,half=upper,hinge=left,open=true": { "model": "minecraft:block/oak_door_top_hinge" },
		"facing=north,half=upper,hinge=right,open=false": [
		{ "model": "minecraft:block/oak_door_top_hinge", "y": 270, "weight": 699 },
		{ "model": "minecraft:block/oak_door_top_hinge_hrb", "y": 270 }],
		"facing=north,half=upper,hinge=right,open=true": { "model": "minecraft:block/oak_door_top", "y": 180 },
		"facing=south,half=lower,hinge=left,open=false": { "model": "minecraft:block/oak_door_bottom", "y": 90 },
		"facing=south,half=lower,hinge=left,open=true": { "model": "minecraft:block/oak_door_bottom_hinge", "y": 180 },
		"facing=south,half=lower,hinge=right,open=false": { "model": "minecraft:block/oak_door_bottom_hinge", "y": 90 },
		"facing=south,half=lower,hinge=right,open=true": { "model": "minecraft:block/oak_door_bottom" },
		"facing=south,half=upper,hinge=left,open=false": [
		{ "model": "minecraft:block/oak_door_top", "y": 90, "weight": 699 },
		{ "model": "minecraft:block/oak_door_top_hrb", "y": 90 }],
		"facing=south,half=upper,hinge=left,open=true": { "model": "minecraft:block/oak_door_top_hinge", "y": 180 },
		"facing=south,half=upper,hinge=right,open=false": [
		{ "model": "minecraft:block/oak_door_top_hinge", "y": 90, "weight": 699 },
		{ "model": "minecraft:block/oak_door_top_hinge_hrb", "y": 90 }],
		"facing=south,half=upper,hinge=right,open=true": { "model": "minecraft:block/oak_door_top" },
		"facing=west,half=lower,hinge=left,open=false": { "model": "minecraft:block/oak_door_bottom", "y": 180 },
		"facing=west,half=lower,hinge=left,open=true": { "model": "minecraft:block/oak_door_bottom_hinge", "y": 270 },
		"facing=west,half=lower,hinge=right,open=false": { "model": "minecraft:block/oak_door_bottom_hinge", "y": 180 },
		"facing=west,half=lower,hinge=right,open=true": { "model": "minecraft:block/oak_door_bottom", "y": 90 },
		"facing=west,half=upper,hinge=left,open=false": [
		{ "model": "minecraft:block/oak_door_top", "y": 180, "weight": 699 },
		{ "model": "minecraft:block/oak_door_top_hrb", "y": 180 }],
		"facing=west,half=upper,hinge=left,open=true": { "model": "minecraft:block/oak_door_top_hinge", "y": 270 },
		"facing=west,half=upper,hinge=right,open=false": [
		{ "model": "minecraft:block/oak_door_top_hinge", "y": 180, "weight": 699 },
		{ "model": "minecraft:block/oak_door_top_hinge_hrb", "y": 180 }],
		"facing=west,half=upper,hinge=right,open=true": { "model": "minecraft:block/oak_door_top", "y": 90 }
	}
}