{
	"variants": {
		"": [
		{ "model": "minecraft:block/stone", "weight": 5399 },
		{ "model": "minecraft:block/stone_mirrored", "weight": 5399 },
		{ "model": "minecraft:block/stone", "y": 180, "weight": 5399 },
		{ "model": "minecraft:block/stone_mirrored", "y": 180, "weight": 5399 },
		{ "model": "minecraft:block/stone_hrb" },
		{ "model": "minecraft:block/stone_hrb", "y": 180 },
		{ "model": "minecraft:block/stone_hrb1" },
		{ "model": "minecraft:block/stone_hrb1", "y": 180 },
		{ "model": "minecraft:block/stone_hrb_alt" },
		{ "model": "minecraft:block/stone_hrb_alt", "y": 180 },
		{ "model": "minecraft:block/stone_hrb_alt1" },
		{ "model": "minecraft:block/stone_hrb_alt2", "y": 180 },
		{ "model": "minecraft:block/stone_hrb_alt2" },
		{ "model": "minecraft:block/stone_hrb_alt1", "y": 180 }]
	}
}