{
	"variants": {
		"": [
		{"model": "biomesoplenty:block/orange_cosmos"},
		{"model": "biomesoplenty:block/orange_cosmos_1"},
		{"model": "biomesoplenty:block/orange_cosmos_1", "y": 90},
		{"model": "biomesoplenty:block/orange_cosmos_1", "y": 180},
		{"model": "biomesoplenty:block/orange_cosmos_1", "y": 270},
		{"model": "biomesoplenty:block/orange_cosmos_2"},
		{"model": "biomesoplenty:block/orange_cosmos_2", "y": 90},
		{"model": "biomesoplenty:block/orange_cosmos_2", "y": 180},
		{"model": "biomesoplenty:block/orange_cosmos_2", "y": 270},
		{"model": "biomesoplenty:block/orange_cosmos_3"},
		{"model": "biomesoplenty:block/orange_cosmos_3", "y": 90},
		{"model": "biomesoplenty:block/orange_cosmos_3", "y": 180},
		{"model": "biomesoplenty:block/orange_cosmos_3", "y": 270},
		{"model": "biomesoplenty:block/orange_cosmos_4"},
		{"model": "biomesoplenty:block/orange_cosmos_4", "y": 90},
		{"model": "biomesoplenty:block/orange_cosmos_4", "y": 180},
		{"model": "biomesoplenty:block/orange_cosmos_4", "y": 270},
		{"model": "biomesoplenty:block/orange_cosmos_5"}]
	}
}