{
	"variants": {
		"": [
		{"model": "minecraft:block/crimson_fungus"},
		{"model": "minecraft:block/crimson_fungus_1"},
		{"model": "minecraft:block/crimson_fungus_1", "y": 90},
		{"model": "minecraft:block/crimson_fungus_1", "y": 180},
		{"model": "minecraft:block/crimson_fungus_1", "y": 270},
		{"model": "minecraft:block/crimson_fungus_2"},
		{"model": "minecraft:block/crimson_fungus_2", "y": 90},
		{"model": "minecraft:block/crimson_fungus_2", "y": 180},
		{"model": "minecraft:block/crimson_fungus_2", "y": 270},
		{"model": "minecraft:block/crimson_fungus_3"},
		{"model": "minecraft:block/crimson_fungus_3", "y": 90},
		{"model": "minecraft:block/crimson_fungus_3", "y": 180},
		{"model": "minecraft:block/crimson_fungus_3", "y": 270},
		{"model": "minecraft:block/crimson_fungus_4"},
		{"model": "minecraft:block/crimson_fungus_4", "y": 90},
		{"model": "minecraft:block/crimson_fungus_4", "y": 180},
		{"model": "minecraft:block/crimson_fungus_4", "y": 270},
		{"model": "minecraft:block/crimson_fungus_5"}]
	}
}