{
	"credit": "Made with Blockbench",
	"parent": "minecraft:block/block",
	"textures": {
		"0": "block/bamboo_stalk",
		"1": "block/bamboo_fence",
		"particle": "block/bamboo_fence"
	},
	"elements": [
		{
			"from": [6.5, 0, 0],
			"to": [9.5, 16, 3],
			"faces": {
				"north": {"uv": [0, 0, 3, 16], "texture": "#0"},
				"east": {"uv": [0, 0, 3, 16], "texture": "#0"},
				"south": {"uv": [0, 0, 3, 16], "texture": "#0"},
				"west": {"uv": [0, 0, 3, 16], "texture": "#0"},
				"up": {"uv": [13, 0, 16, 3], "texture": "#0", "cullface": "up"},
				"down": {"uv": [13, 4, 16, 7], "texture": "#0", "cullface": "up"}
			}
		},
		{
			"from": [6.5, 0, 13],
			"to": [9.5, 16, 16],
			"faces": {
				"north": {"uv": [0, 0, 3, 16], "texture": "#0"},
				"east": {"uv": [0, 0, 3, 16], "texture": "#0"},
				"south": {"uv": [0, 0, 3, 16], "texture": "#0"},
				"west": {"uv": [0, 0, 3, 16], "texture": "#0"},
				"up": {"uv": [13, 0, 16, 3], "texture": "#0", "cullface": "up"},
				"down": {"uv": [13, 4, 16, 7], "texture": "#0", "cullface": "up"}
			}
		},
		{
			"from": [7, 0, 3.25],
			"to": [9, 15, 5.25],
			"faces": {
				"north": {"uv": [1, 0, 3, 16], "texture": "#1"},
				"east": {"uv": [1, 0, 3, 16], "texture": "#1"},
				"south": {"uv": [1, 0, 3, 16], "texture": "#1"},
				"west": {"uv": [1, 0, 3, 16], "texture": "#1"},
				"up": {"uv": [9, 5, 11, 7], "texture": "#1"},
				"down": {"uv": [6, 5, 8, 7], "rotation": 180, "texture": "#1"}
			}
		},
		{
			"from": [7, 0, 10.75],
			"to": [9, 15, 12.75],
			"faces": {
				"north": {"uv": [1, 0, 3, 16], "texture": "#1"},
				"east": {"uv": [1, 0, 3, 16], "texture": "#1"},
				"south": {"uv": [1, 0, 3, 16], "texture": "#1"},
				"west": {"uv": [1, 0, 3, 16], "texture": "#1"},
				"up": {"uv": [9, 5, 11, 7], "texture": "#1"},
				"down": {"uv": [6, 5, 8, 7], "rotation": 180, "texture": "#1"}
			}
		},
		{
			"from": [7, 0, 5.75],
			"to": [9, 11, 7.75],
			"faces": {
				"north": {"uv": [1, 0, 3, 11], "texture": "#1"},
				"east": {"uv": [1, 0, 3, 11], "texture": "#1"},
				"south": {"uv": [1, 0, 3, 11], "texture": "#1"},
				"west": {"uv": [1, 0, 3, 11], "texture": "#1"},
				"up": {"uv": [9, 5, 11, 7], "texture": "#1"},
				"down": {"uv": [6, 5, 8, 7], "rotation": 180, "texture": "#1"}
			}
		},
		{
			"from": [7, 0, 8.25],
			"to": [9, 11, 10.25],
			"faces": {
				"north": {"uv": [1, 0, 3, 11], "texture": "#1"},
				"east": {"uv": [1, 0, 3, 11], "texture": "#1"},
				"south": {"uv": [1, 0, 3, 11], "texture": "#1"},
				"west": {"uv": [1, 0, 3, 11], "texture": "#1"},
				"up": {"uv": [9, 5, 11, 7], "texture": "#1"},
				"down": {"uv": [6, 5, 8, 7], "rotation": 180, "texture": "#1"}
			}
		}
	]
}