{
	"credit": "Made with Blockbench",
	"ambientocclusion": false,
	"textures": {
		"particle": "#fan"
	},
	"elements": [
		{
			"from": [0, 8, 0],
			"to": [16, 8, 16],
			"shade": false,
			"rotation": {"angle": 22.5, "axis": "x", "origin": [8, 8, 14], "rescale": true},
			"faces": {
				"up": {"uv": [0, 0, 16, 16], "texture": "#fan"},
				"down": {"uv": [16, 16, 0, 0], "texture": "#fan"}
			}
		},
		{
			"from": [4, 6, 0],
			"to": [4, 10, 16],
			"shade": false,
			"rotation": {"angle": 0, "axis": "z", "origin": [8, 8, 14]},
			"faces": {
				"east": {"uv": [6, 0, 10, 16], "rotation": 90, "texture": "#fan"},
				"west": {"uv": [6, 0, 10, 16], "rotation": 270, "texture": "#fan"}
			}
		},
		{
			"from": [12, 6, 0],
			"to": [12, 10, 16],
			"shade": false,
			"rotation": {"angle": 0, "axis": "z", "origin": [8, 8, 14]},
			"faces": {
				"east": {"uv": [6, 0, 10, 16], "rotation": 90, "texture": "#fan"},
				"west": {"uv": [6, 0, 10, 16], "rotation": 270, "texture": "#fan"}
			}
		},
		{
			"from": [0, 8, 0],
			"to": [16, 8, 16],
			"shade": false,
			"rotation": {"angle": -22.5, "axis": "x", "origin": [8, 8, 14], "rescale": true},
			"faces": {
				"up": {"uv": [0, 0, 16, 16], "texture": "#fan"},
				"down": {"uv": [16, 16, 0, 0], "texture": "#fan"}
			}
		}
	]
}