{
	"credit": "Made with Blockbench",
	"parent": "minecraft:block/block",
	"textures": {
		"s_n": "minecraft:block/grass_block_snow",
		"t": "minecraft:block/grass_block_top",
		"particle": "minecraft:block/dirt",
		"b": "minecraft:block/dirt",
		"sn": "minecraft:block/snow"
	},
	"elements": [
		{
			"from": [0, 0, 0],
			"to": [16, 6, 16],
			"faces": {
				"north": {"uv": [0, 1, 16, 7], "texture": "#s_n", "cullface": "north"},
				"east": {"uv": [0, 1, 16, 7], "texture": "#s_n", "cullface": "east"},
				"south": {"uv": [0, 1, 16, 7], "texture": "#s_n", "cullface": "south"},
				"west": {"uv": [0, 1, 16, 7], "texture": "#s_n", "cullface": "west"},
				"down": {"uv": [0, 0, 16, 16], "texture": "#b", "cullface": "down"}
			}
		},
		{
			"from": [0, 6, 0],
			"to": [16, 16, 16],
			"faces": {
				"north": {"uv": [0, 6, 16, 16], "texture": "#sn", "cullface": "north"},
				"east": {"uv": [0, 6, 16, 16], "texture": "#sn", "cullface": "east"},
				"south": {"uv": [0, 6, 16, 16], "texture": "#sn", "cullface": "south"},
				"west": {"uv": [0, 6, 16, 16], "texture": "#sn", "cullface": "west"},
				"up": {"uv": [0, 0, 16, 16], "texture": "#t", "cullface": "up", "tintindex": 0}
			}
		}
	]
}