{
	"credit": "Made with Blockbench",
	"ambientocclusion": false,
	"textures": {
		"0": "block/large_fern_top",
		"particle": "#0"
	},
	"elements": [
		{
			"from": [0, 2, -1.775],
			"to": [16, 7, -1.775],
			"shade": false,
			"rotation": {"angle": -22.5, "axis": "x", "origin": [8, 8, 8]},
			"faces": {
				"north": {"uv": [0, 11, 16, 16], "texture": "#0", "tintindex": 0},
				"south": {"uv": [16, 11, 0, 16], "texture": "#0", "tintindex": 0}
			}
		},
		{
			"from": [0, 10.8, -1.4],
			"to": [16, 21.8, -1.4],
			"shade": false,
			"rotation": {"angle": -45, "axis": "x", "origin": [8, 8, 8]},
			"faces": {
				"north": {"uv": [0, 0, 16, 11], "texture": "#0", "tintindex": 0},
				"south": {"uv": [16, 0, 0, 11], "texture": "#0", "tintindex": 0}
			}
		},
		{
			"from": [0, 2, 17.775],
			"to": [16, 7, 17.775],
			"shade": false,
			"rotation": {"angle": 22.5, "axis": "x", "origin": [8, 8, 8]},
			"faces": {
				"north": {"uv": [16, 11, 0, 16], "texture": "#0", "tintindex": 0},
				"south": {"uv": [0, 11, 16, 16], "texture": "#0", "tintindex": 0}
			}
		},
		{
			"from": [0, 10.8, 17.4],
			"to": [16, 21.8, 17.4],
			"shade": false,
			"rotation": {"angle": 45, "axis": "x", "origin": [8, 8, 8]},
			"faces": {
				"north": {"uv": [16, 0, 0, 11], "texture": "#0", "tintindex": 0},
				"south": {"uv": [0, 0, 16, 11], "texture": "#0", "tintindex": 0}
			}
		},
		{
			"from": [-1.775, 2, 0],
			"to": [-1.775, 7, 16],
			"shade": false,
			"rotation": {"angle": 22.5, "axis": "z", "origin": [8, 8, 8]},
			"faces": {
				"east": {"uv": [16, 11, 0, 16], "texture": "#0", "tintindex": 0},
				"west": {"uv": [0, 11, 16, 16], "texture": "#0", "tintindex": 0}
			}
		},
		{
			"from": [-1.4, 10.8, 0],
			"to": [-1.4, 21.8, 16],
			"shade": false,
			"rotation": {"angle": 45, "axis": "z", "origin": [8, 8, 8]},
			"faces": {
				"east": {"uv": [16, 0, 0, 11], "texture": "#0", "tintindex": 0},
				"west": {"uv": [0, 0, 16, 11], "texture": "#0", "tintindex": 0}
			}
		},
		{
			"from": [17.775, 2, 0],
			"to": [17.775, 7, 16],
			"shade": false,
			"rotation": {"angle": -22.5, "axis": "z", "origin": [8, 8, 8]},
			"faces": {
				"east": {"uv": [0, 11, 16, 16], "texture": "#0", "tintindex": 0},
				"west": {"uv": [16, 11, 0, 16], "texture": "#0", "tintindex": 0}
			}
		},
		{
			"from": [17.4, 10.8, 0],
			"to": [17.4, 21.8, 16],
			"shade": false,
			"rotation": {"angle": -45, "axis": "z", "origin": [8, 8, 8]},
			"faces": {
				"east": {"uv": [0, 0, 16, 11], "texture": "#0", "tintindex": 0},
				"west": {"uv": [16, 0, 0, 11], "texture": "#0", "tintindex": 0}
			}
		},
		{
			"from": [0.8, 0, 8],
			"to": [15.2, 16, 8],
			"shade": false,
			"rotation": {"angle": 45, "axis": "y", "origin": [8, 8, 8], "rescale": true},
			"faces": {
				"north": {"uv": [0, 0, 16, 16], "texture": "#0", "tintindex": 0},
				"south": {"uv": [0, 0, 16, 16], "texture": "#0", "tintindex": 0}
			}
		},
		{
			"from": [8, 0, 0.8],
			"to": [8, 16, 15.2],
			"shade": false,
			"rotation": {"angle": 45, "axis": "y", "origin": [8, 8, 8], "rescale": true},
			"faces": {
				"east": {"uv": [0, 0, 16, 16], "texture": "#0", "tintindex": 0},
				"west": {"uv": [0, 0, 16, 16], "texture": "#0", "tintindex": 0}
			}
		}
	]
}