{
	"credit": "Made with Blockbench",
	"ambientocclusion": false,
	"textures": {
		"0": "block/lily_of_the_valley",
		"particle": "#0"
	},
	"elements": [
		{
			"from": [2.8, 0, 5.5],
			"to": [18.8, 16, 5.5],
			"shade": false,
			"rotation": {"angle": -22.5, "axis": "y", "origin": [3, 0, 1.5], "rescale": true},
			"faces": {
				"north": {"uv": [0, 0, 16, 16], "texture": "#0"},
				"south": {"uv": [16, 0, 0, 16], "texture": "#0"}
			}
		},
		{
			"from": [-1.9, 0, 8.5],
			"to": [14.1, 16, 8.5],
			"shade": false,
			"rotation": {"angle": 22.5, "axis": "y", "origin": [2.9, 0, 1.5], "rescale": true},
			"faces": {
				"north": {"uv": [0, 0, 16, 16], "texture": "#0"},
				"south": {"uv": [16, 0, 0, 16], "texture": "#0"}
			}
		},
		{
			"from": [9.825, 0, 1],
			"to": [9.825, 16, 17],
			"shade": false,
			"rotation": {"angle": 22.5, "axis": "y", "origin": [4.9, 0, 16], "rescale": true},
			"faces": {
				"east": {"uv": [16, 0, 0, 16], "texture": "#0"},
				"west": {"uv": [0, 0, 16, 16], "texture": "#0"}
			}
		}
	]
}