{
	"credit": "Made with Blockbench",
	"parent": "minecraft:block/block",
	"textures": {
		"particle": "minecraft:block/small_dripleaf_top",
		"t": "minecraft:block/small_dripleaf_top",
		"s": "minecraft:block/small_dripleaf_side",
		"st": "minecraft:block/small_dripleaf_stem_top"
	},
	"elements": [
		{
			"from": [9, 2.99, 11],
			"to": [16, 2.99, 18],
			"shade": false,
			"rotation": {"angle": 22.5, "axis": "x", "origin": [8, 8, 8]},
			"faces": {
				"up": {"uv": [8, 8, 0, 0], "texture": "#t"},
				"down": {"uv": [8, 0, 0, 8], "texture": "#t"}
			}
		},
		{
			"from": [0, 8, 0],
			"to": [7, 8, 7],
			"shade": false,
			"rotation": {"angle": -22.5, "axis": "x", "origin": [8, 8, 8]},
			"faces": {
				"up": {"uv": [0, 0, 8, 8], "texture": "#t"},
				"down": {"uv": [0, 8, 8, 0], "texture": "#t"}
			}
		},
		{
			"from": [1, 12, 8],
			"to": [8, 12, 15],
			"shade": false,
			"rotation": {"angle": 22.5, "axis": "z", "origin": [8, 8, 8]},
			"faces": {
				"up": {"uv": [0, 0, 8, 8], "rotation": 270, "texture": "#t"},
				"down": {"uv": [8, 0, 0, 8], "rotation": 270, "texture": "#t"}
			}
		},
		{
			"from": [9, 2, 11],
			"to": [16, 3, 18],
			"shade": false,
			"rotation": {"angle": 22.5, "axis": "x", "origin": [8, 8, 8]},
			"faces": {
				"north": {"uv": [0, 0, 8, 1], "texture": "#s"},
				"east": {"uv": [0, 0, 8, 1], "texture": "#s"},
				"south": {"uv": [0, 0, 8, 1], "texture": "#s"},
				"west": {"uv": [0, 0, 8, 1], "texture": "#s"}
			}
		},
		{
			"from": [0, 7, 0.01],
			"to": [7, 8, 7],
			"shade": false,
			"rotation": {"angle": -22.5, "axis": "x", "origin": [8, 8, 8]},
			"faces": {
				"north": {"uv": [0, 0, 8, 1], "texture": "#s"},
				"east": {"uv": [0, 0, 8, 1], "texture": "#s"},
				"south": {"uv": [0, 0, 8, 1], "texture": "#s"},
				"west": {"uv": [0, 0, 8, 1], "texture": "#s"}
			}
		},
		{
			"from": [1, 11, 8],
			"to": [8, 12, 15],
			"shade": false,
			"rotation": {"angle": 22.5, "axis": "z", "origin": [8, 8, 8]},
			"faces": {
				"north": {"uv": [0, 0, 8, 1], "texture": "#s"},
				"east": {"uv": [0, 0, 8, 1], "texture": "#s"},
				"south": {"uv": [0, 0, 8, 1], "texture": "#s"},
				"west": {"uv": [0, 0, 8, 1], "texture": "#s"}
			}
		},
		{
			"from": [4.5, 0, 8],
			"to": [11.5, 14, 8],
			"shade": false,
			"rotation": {"angle": 45, "axis": "y", "origin": [8, 8, 8]},
			"faces": {
				"north": {"uv": [4, 0, 12, 14], "texture": "#st"},
				"south": {"uv": [4, 0, 12, 14], "texture": "#st"}
			}
		},
		{
			"from": [4.5, 0, 8],
			"to": [11.5, 14, 8],
			"shade": false,
			"rotation": {"angle": -45, "axis": "y", "origin": [8, 8, 8]},
			"faces": {
				"north": {"uv": [4, 0, 12, 14], "texture": "#st"},
				"south": {"uv": [4, 0, 12, 14], "texture": "#st"}
			}
		}
	]
}