{
	"variants": {
		"": [
		{"model": "byg:block/begonia"},
		{"model": "byg:block/begonia_1"},
		{"model": "byg:block/begonia_1", "y": 90},
		{"model": "byg:block/begonia_1", "y": 180},
		{"model": "byg:block/begonia_1", "y": 270},
		{"model": "byg:block/begonia_2"},
		{"model": "byg:block/begonia_2", "y": 90},
		{"model": "byg:block/begonia_2", "y": 180},
		{"model": "byg:block/begonia_2", "y": 270},
		{"model": "byg:block/begonia_3"},
		{"model": "byg:block/begonia_3", "y": 90},
		{"model": "byg:block/begonia_3", "y": 180},
		{"model": "byg:block/begonia_3", "y": 270},
		{"model": "byg:block/begonia_4"},
		{"model": "byg:block/begonia_4", "y": 90},
		{"model": "byg:block/begonia_4", "y": 180},
		{"model": "byg:block/begonia_4", "y": 270},
		{"model": "byg:block/begonia_5"}]
	}
}