{
	"credit": "Made with Blockbench",
	"parent": "block/block",
	"textures": {
		"particle": "#0"
	},
	"elements": [
		{
			"from": [-8, -8, -0.05],
			"to": [24, 24, 16.05],
			"faces": {
				"north": {"uv": [0, 0, 16, 16], "texture": "#0", "cullface": "north"},
				"south": {"uv": [0, 0, 16, 16], "texture": "#0", "cullface": "south"}
			}
		},
		{
			"from": [0.05, -8, -8],
			"to": [16.15, 24, 24],
			"faces": {
				"east": {"uv": [0, 0, 16, 16], "texture": "#0", "cullface": "east"},
				"west": {"uv": [0, 0, 16, 16], "texture": "#0", "cullface": "west"}
			}
		},
		{
			"from": [-8, -0.05, -8],
			"to": [24, 16.05, 24],
			"faces": {
				"up": {"uv": [0, 0, 16, 16], "texture": "#0", "cullface": "up"},
				"down": {"uv": [0, 0, 16, 16], "texture": "#0", "cullface": "down"}
			}
		}
	]
}