{
	"credit": "Made with Blockbench",
	"parent": "block/block",
	"textures": {
		"b": "block/cactus_bottom",
		"t": "block/cactus_top",
		"particle": "block/cactus_side",
		"s": "block/cactus_side"
	},
	"elements": [
		{
			"from": [1, 0, 0],
			"to": [15, 16, 16],
			"faces": {
				"east": {"uv": [0, 0, 16, 16], "texture": "#s"},
				"west": {"uv": [0, 0, 16, 16], "texture": "#s"}
			}
		},
		{
			"from": [0, 0, 1],
			"to": [16, 16, 15],
			"faces": {
				"north": {"uv": [0, 0, 16, 16], "texture": "#s"},
				"south": {"uv": [0, 0, 16, 16], "texture": "#s"}
			}
		},
		{
			"from": [0, 0, 0],
			"to": [16, 16, 16],
			"faces": {
				"up": {"uv": [0, 0, 16, 16], "texture": "#t", "cullface": "up"},
				"down": {"uv": [0, 0, 16, 16], "texture": "#b", "cullface": "down"}
			}
		},
		{
			"from": [7, 2.75, -8],
			"to": [13, 7.75, -3],
			"faces": {
				"north": {"uv": [5, 8, 11, 13], "texture": "#s"},
				"east": {"uv": [6, 8, 11, 13], "texture": "#s"},
				"west": {"uv": [5, 8, 10, 13], "texture": "#s"},
				"down": {"uv": [5, 7, 11, 12], "rotation": 180, "texture": "#s"}
			}
		},
		{
			"from": [7, 2.75, -3],
			"to": [13, 7.75, 1],
			"faces": {
				"east": {"uv": [15, 8, 11, 13], "texture": "#s"},
				"west": {"uv": [11, 8, 15, 13], "texture": "#s"},
				"up": {"uv": [5, 12, 11, 16], "texture": "#s"},
				"down": {"uv": [5, 12, 11, 16], "rotation": 180, "texture": "#s"}
			}
		},
		{
			"from": [7, 7.75, -8],
			"to": [13, 13.75, -2],
			"faces": {
				"north": {"uv": [5, 2, 11, 8], "texture": "#s"},
				"east": {"uv": [5, 2, 11, 8], "texture": "#s"},
				"south": {"uv": [5, 2, 11, 8], "texture": "#s"},
				"west": {"uv": [5, 2, 11, 8], "texture": "#s"},
				"up": {"uv": [5, 5, 11, 11], "rotation": 180, "texture": "#t"}
			}
		},
		{
			"from": [2.75, 6, 19],
			"to": [8.75, 11, 24],
			"faces": {
				"east": {"uv": [5, 8, 10, 13], "texture": "#s"},
				"south": {"uv": [5, 8, 11, 13], "texture": "#s"},
				"west": {"uv": [6, 8, 11, 13], "texture": "#s"},
				"down": {"uv": [5, 7, 11, 12], "texture": "#s"}
			}
		},
		{
			"from": [2.75, 6, 15],
			"to": [8.75, 11, 19],
			"faces": {
				"east": {"uv": [11, 8, 15, 13], "texture": "#s"},
				"west": {"uv": [15, 8, 11, 13], "texture": "#s"},
				"up": {"uv": [5, 12, 11, 16], "rotation": 180, "texture": "#s"},
				"down": {"uv": [5, 12, 11, 16], "texture": "#s"}
			}
		},
		{
			"from": [2.75, 11, 18],
			"to": [8.75, 17, 24],
			"faces": {
				"north": {"uv": [5, 2, 11, 8], "texture": "#s"},
				"east": {"uv": [5, 2, 11, 8], "texture": "#s"},
				"south": {"uv": [5, 2, 11, 8], "texture": "#s"},
				"west": {"uv": [5, 2, 11, 8], "texture": "#s"},
				"up": {"uv": [5, 5, 11, 11], "texture": "#t"}
			}
		}
	]
}