{
	"credit": "Made with Blockbench",
	"ambientocclusion": false,
	"textures": {
		"1": "block/flower_pot",
		"particle": "block/flower_pot",
		"b": "block/dirt"
	},
	"elements": [
		{
			"from": [5, 0, 5],
			"to": [6, 6, 11],
			"rotation": {"angle": 0, "axis": "y", "origin": [8, 8, 8]},
			"faces": {
				"north": {"uv": [10, 10, 11, 16], "texture": "#1"},
				"east": {"uv": [5, 10, 11, 16], "texture": "#1"},
				"south": {"uv": [5, 10, 6, 16], "texture": "#1"},
				"west": {"uv": [5, 10, 11, 16], "texture": "#1"},
				"up": {"uv": [5, 5, 6, 11], "texture": "#1"},
				"down": {"uv": [5, 5, 6, 11], "texture": "#1", "cullface": "down"}
			}
		},
		{
			"from": [10, 0, 5],
			"to": [11, 6, 11],
			"rotation": {"angle": 0, "axis": "y", "origin": [8, 8, 8]},
			"faces": {
				"north": {"uv": [5, 10, 6, 16], "texture": "#1"},
				"east": {"uv": [5, 10, 11, 16], "texture": "#1"},
				"south": {"uv": [10, 10, 11, 16], "texture": "#1"},
				"west": {"uv": [5, 10, 11, 16], "texture": "#1"},
				"up": {"uv": [10, 5, 11, 11], "texture": "#1"},
				"down": {"uv": [10, 5, 11, 11], "texture": "#1", "cullface": "down"}
			}
		},
		{
			"from": [6, 0, 5],
			"to": [10, 6, 6],
			"rotation": {"angle": 0, "axis": "y", "origin": [8, 8, 8]},
			"faces": {
				"north": {"uv": [6, 10, 10, 16], "texture": "#1"},
				"south": {"uv": [6, 10, 10, 16], "texture": "#1"},
				"up": {"uv": [6, 5, 10, 6], "texture": "#1"},
				"down": {"uv": [6, 10, 10, 11], "texture": "#1", "cullface": "down"}
			}
		},
		{
			"from": [6, 0, 10],
			"to": [10, 6, 11],
			"rotation": {"angle": 0, "axis": "y", "origin": [8, 8, 8]},
			"faces": {
				"north": {"uv": [6, 10, 10, 16], "texture": "#1"},
				"south": {"uv": [6, 10, 10, 16], "texture": "#1"},
				"up": {"uv": [6, 10, 10, 11], "texture": "#1"},
				"down": {"uv": [6, 5, 10, 6], "texture": "#1", "cullface": "down"}
			}
		},
		{
			"from": [6, 0, 6],
			"to": [10, 4, 10],
			"rotation": {"angle": 0, "axis": "y", "origin": [8, 8, 8]},
			"faces": {
				"up": {"uv": [6, 6, 10, 10], "texture": "#b"},
				"down": {"uv": [6, 12, 10, 16], "texture": "#1", "cullface": "down"}
			}
		},
		{
			"from": [0.8, 4.85, 8.25],
			"to": [11.6, 16.85, 8.25],
			"rotation": {"angle": 45, "axis": "z", "origin": [8, 8, 8]},
			"faces": {
				"north": {"uv": [16, 0, 0, 16], "texture": "#0"},
				"east": {"uv": [0, 0, 0, 0], "texture": "#0"},
				"south": {"uv": [0, 0, 16, 16], "texture": "#0"},
				"west": {"uv": [0, 0, 0, 0], "texture": "#0"}
			}
		},
		{
			"from": [4.4, 4.85, 8.15],
			"to": [15.2, 16.85, 8.15],
			"rotation": {"angle": -45, "axis": "z", "origin": [8, 8, 8]},
			"faces": {
				"north": {"uv": [0, 0, 16, 16], "texture": "#0"},
				"east": {"uv": [0, 0, 0, 0], "texture": "#0"},
				"south": {"uv": [16, 0, 0, 16], "texture": "#0"},
				"west": {"uv": [0, 0, 0, 0], "texture": "#0"}
			}
		},
		{
			"from": [8.25, 4.85, 4.4],
			"to": [8.25, 16.85, 15.2],
			"rotation": {"angle": 45, "axis": "x", "origin": [8, 8, 8]},
			"faces": {
				"north": {"uv": [0, 0, 0, 0], "texture": "#0"},
				"east": {"uv": [0, 0, 16, 16], "texture": "#0"},
				"south": {"uv": [0, 0, 0, 0], "texture": "#0"},
				"west": {"uv": [16, 0, 0, 16], "texture": "#0"}
			}
		},
		{
			"from": [8.15, 4.85, 0.8],
			"to": [8.15, 16.85, 11.6],
			"rotation": {"angle": -45, "axis": "x", "origin": [8, 8, 8]},
			"faces": {
				"north": {"uv": [0, 0, 0, 0], "texture": "#0"},
				"east": {"uv": [16, 0, 0, 16], "texture": "#0"},
				"south": {"uv": [0, 0, 0, 0], "texture": "#0"},
				"west": {"uv": [0, 0, 16, 16], "texture": "#0"}
			}
		},
		{
			"from": [2.8, 4, 8],
			"to": [13.6, 16, 8],
			"rotation": {"angle": 45, "axis": "y", "origin": [8, 8, 8], "rescale": true},
			"faces": {
				"north": {"uv": [0, 0, 16, 16], "texture": "#0"},
				"south": {"uv": [0, 0, 16, 16], "texture": "#0"}
			}
		},
		{
			"from": [8, 4, 2.8],
			"to": [8, 16, 13.6],
			"rotation": {"angle": 45, "axis": "y", "origin": [8, 8, 8], "rescale": true},
			"faces": {
				"east": {"uv": [0, 0, 16, 16], "texture": "#0"},
				"west": {"uv": [0, 0, 16, 16], "texture": "#0"}
			}
		}
	]
}