{
	"id": "foliageplus",
	"version": 6,
	"capabilities": ["FileFilter", "DirFilter", "DirFilterAdditive"],
	"conf": {
		"wip": ["Understood", "Understood"],
		"lowerGrass": {
			"grassBlock": true,
			"grassBlockSnow": true,
			"grassPath": true,
			"mycelium": true,
			"podzol": true,
			"warpedNylium": true,
			"crimsonNylium": true
		},
		"vegetation": {
			"grass": true,
			"tallGrass": true,
			"deadBush": true,
			"fern": true,
			"largeFern": true,
			"lilyPad": true,
			"sugarCane": true,
			"warpedRoots": true,
			"crimsonRoots": true,
			"netherSprouts": true,
			"crops": {
				"wheat": true,
				"crops": true,
				"netherWart": true,
				"sweetBerryBushes": true
			}
		},
		"flower": {
			"allium": true,
			"azureBluet": true,
			"blueOrchid": true,
			"cornflower": true,
			"dandelion": true,
			"poppy": true,
			"redTulip": true,
			"orangeTulip": true,
			"pinkTulip": true,
			"whiteTulip": true,
			"witherRose": true,
			"lilac": true,
			"peony": true,
			"sunflower": true,
			"roseBush": true
		},
		"mushroomAndFungus": {
			"brownMushroom": true,
			"redMushroom": true,
			"warpedFungus": true,
			"crimsonFungus": true
		},
		"bushyLeaves": {
			"oakLeaves": true,
			"spruceLeaves": true,
			"birchLeaves": true,
			"jungleLeaves": true,
			"acaciaLeaves": true,
			"darkOakLeaves": true,
			"azaleaLeaves": true,
			"floweringAzaleaLeaves": true
		},
		"underwater": {
			"kelp": {
				"kelp": true,
				"kelpPlant": true
			},
			"corals": {
				"brainCoral": true,
				"bubbleCoral": true,
				"fireCoral": true,
				"hornCoral": true,
				"tubeCoral": true
			},
			"coralFan": true,
			"coralWallFan": true
		},
		"sapling": {
			"bambooSapling": true,
			"oakSapling": true,
			"spruceSapling": true,
			"birchSapling": true,
			"jungleSapling": true,
			"acaciaSapling": true,
			"darkOakSapling": true
		},
		"azalea": {
			"azalea": true,
			"floweringAzalea": true
		},
		"other": {
			"bamboo": true,
			"cobweb": true,
			"cactus": true
		}
	}
}