{
	"credit": "Made with Blockbench",
	"parent": "block/block",
	"textures": {
		"b": "block/cactus_bottom",
		"t": "block/cactus_top",
		"s": "block/cactus_side",
		"particle": "block/cactus_side"
	},
	"elements": [
		{
			"from": [0, 0, 0],
			"to": [16, 16, 16],
			"faces": {
				"up": {"uv": [0, 0, 16, 16], "texture": "#t", "cullface": "up"},
				"down": {"uv": [0, 0, 16, 16], "texture": "#b", "cullface": "down"}
			}
		},
		{
			"from": [5, 4, -12],
			"to": [11, 10, 0],
			"rotation": {"angle": 22.5, "axis": "x", "origin": [0, 0, 0]},
			"faces": {
				"north": {"uv": [5, 5, 11, 11], "texture": "#t"},
				"east": {"uv": [5, 4, 11, 16], "rotation": 90, "texture": "#s"},
				"west": {"uv": [5, 4, 11, 16], "rotation": 270, "texture": "#s"},
				"up": {"uv": [5, 4, 11, 16], "texture": "#s"},
				"down": {"uv": [5, 4, 11, 16], "rotation": 180, "texture": "#s"}
			}
		},
		{
			"from": [5, -2, 15],
			"to": [11, 4, 27],
			"rotation": {"angle": -22.5, "axis": "x", "origin": [0, 0, 0]},
			"faces": {
				"east": {"uv": [5, 4, 11, 16], "rotation": 270, "texture": "#s"},
				"south": {"uv": [5, 5, 11, 11], "texture": "#t"},
				"west": {"uv": [5, 4, 11, 16], "rotation": 90, "texture": "#s"},
				"up": {"uv": [5, 4, 11, 16], "rotation": 180, "texture": "#s"},
				"down": {"uv": [5, 4, 11, 16], "texture": "#s"}
			}
		},
		{
			"from": [1, 0, 0],
			"to": [15, 16, 16],
			"faces": {
				"east": {"uv": [0, 0, 16, 16], "texture": "#s"},
				"west": {"uv": [0, 0, 16, 16], "texture": "#s"}
			}
		},
		{
			"from": [0, 0, 1],
			"to": [16, 16, 15],
			"faces": {
				"north": {"uv": [0, 0, 16, 16], "texture": "#s"},
				"south": {"uv": [0, 0, 16, 16], "texture": "#s"}
			}
		}
	]
}