{
	"credit": "Made with Blockbench",
	"ambientocclusion": false,
	"textures": {
		"0": "block/coal_block",
		"particle": "block/coal_block"
	},
	"elements": [
		{
			"from": [5, 16, 6],
			"to": [7, 16.25, 8],
			"rotation": {"angle": -22.5, "axis": "y", "origin": [0, 0, 0]},
			"faces": {
				"north": {"uv": [8, 7, 10, 8], "texture": "#0", "cullface": "up"},
				"east": {"uv": [9, 7, 10, 9], "rotation": 90, "texture": "#0", "cullface": "up"},
				"south": {"uv": [8, 8, 10, 9], "texture": "#0", "cullface": "up"},
				"west": {"uv": [8, 7, 9, 9], "rotation": 90, "texture": "#0", "cullface": "up"},
				"up": {"uv": [8, 7, 10, 9], "texture": "#0", "cullface": "up"}
			}
		}
	]
}