{
	"credit": "Made with Blockbench",
	"textures": {
		"particle": "#side"
	},
	"elements": [
		{
			"from": [3, 6, -13.75],
			"to": [6, 9, -1.75],
			"rotation": {"angle": 22.5, "axis": "x", "origin": [0, 0, 0]},
			"faces": {
				"north": {"uv": [7, 7, 10, 10], "texture": "#top", "cullface": "north"},
				"east": {"uv": [4, 4, 16, 7], "texture": "#side", "cullface": "north"},
				"west": {"uv": [4, 7, 16, 10], "texture": "#side", "cullface": "north"},
				"up": {"uv": [16, 13, 4, 10], "rotation": 90, "texture": "#side", "cullface": "north"},
				"down": {"uv": [16, 13, 4, 16], "rotation": 90, "texture": "#side", "cullface": "north"}
			}
		}
	]
}