{
	"credit": "Made with Blockbench",
	"parent": "block/block",
	"textures": {
		"1": "block/brown_mushroom_block",
		"2": "block/mushroom_block_inside",
		"4": "block/mushroom_stem",
		"particle": "block/brown_mushroom_block"
	},
	"elements": [
		{
			"from": [0, 5, -3],
			"to": [3, 6, 0],
			"faces": {
				"north": {"uv": [6, 9, 9, 10], "texture": "#1", "cullface": "north"},
				"east": {"uv": [6, 13, 9, 14], "texture": "#1", "cullface": "north"},
				"west": {"uv": [6, 13, 9, 14], "texture": "#1", "cullface": "north"},
				"up": {"uv": [6, 10, 9, 13], "rotation": 180, "texture": "#1", "cullface": "north"},
				"down": {"uv": [0, 6, 3, 9], "rotation": 180, "texture": "#2", "cullface": "north"}
			}
		},
		{
			"from": [1, 4, -2],
			"to": [2, 5, 0],
			"faces": {
				"north": {"uv": [9, 7, 10, 8], "texture": "#4", "cullface": "north"},
				"east": {"uv": [9, 7, 11, 8], "texture": "#4", "cullface": "north"},
				"west": {"uv": [9, 7, 11, 8], "texture": "#4", "cullface": "north"},
				"down": {"uv": [9, 5, 11, 7], "rotation": 180, "texture": "#4", "cullface": "north"}
			}
		}
	]
}