{
	"credit": "Made with Blockbench",
	"parent": "block/block",
	"textures": {
		"1": "block/brown_mushroom_block",
		"2": "block/mushroom_block_inside",
		"4": "block/mushroom_stem",
		"particle": "block/brown_mushroom_block"
	},
	"elements": [
		{
			"from": [-5, 6, -4],
			"to": [1, 8, 2],
			"faces": {
				"north": {"uv": [5, 3, 11, 5], "texture": "#1"},
				"east": {"uv": [5, 11, 11, 13], "texture": "#1"},
				"south": {"uv": [5, 3, 11, 5], "texture": "#1", "cullface": "west"},
				"west": {"uv": [5, 11, 11, 13], "texture": "#1"},
				"up": {"uv": [5, 5, 11, 11], "texture": "#1"},
				"down": {"uv": [0, 0, 6, 6], "texture": "#2"}
			}
		},
		{
			"from": [-3, 4, -2],
			"to": [0, 6, 1],
			"faces": {
				"north": {"uv": [6, 7, 9, 9], "texture": "#4"},
				"east": {"uv": [6, 7, 9, 9], "texture": "#4"},
				"south": {"uv": [6, 7, 9, 9], "texture": "#4", "cullface": "west"},
				"west": {"uv": [6, 7, 9, 9], "texture": "#4"},
				"down": {"uv": [6, 4, 9, 7], "texture": "#4"}
			}
		}
	]
}