{
	"credit": "Made with Blockbench",
	"parent": "block/block",
	"textures": {
		"1": "block/brown_mushroom_block",
		"2": "block/mushroom_block_inside",
		"4": "block/mushroom_stem",
		"particle": "block/brown_mushroom_block"
	},
	"elements": [
		{
			"from": [-3, 5, 1],
			"to": [0, 6, 4],
			"faces": {
				"north": {"uv": [6, 9, 9, 10], "texture": "#1", "cullface": "west"},
				"south": {"uv": [6, 9, 9, 10], "texture": "#1", "cullface": "west"},
				"west": {"uv": [6, 13, 9, 14], "texture": "#1", "cullface": "west"},
				"up": {"uv": [6, 10, 9, 13], "texture": "#1", "cullface": "west"},
				"down": {"uv": [0, 6, 3, 9], "texture": "#2", "cullface": "west"}
			}
		},
		{
			"from": [-2, 4, 2],
			"to": [0, 5, 3],
			"faces": {
				"north": {"uv": [9, 7, 11, 8], "texture": "#4", "cullface": "west"},
				"south": {"uv": [9, 7, 11, 8], "texture": "#4", "cullface": "west"},
				"west": {"uv": [9, 7, 10, 8], "texture": "#4", "cullface": "west"},
				"down": {"uv": [9, 5, 11, 7], "texture": "#4", "cullface": "west"}
			}
		}
	]
}