{
	"credit": "Made with Blockbench",
	"ambientocclusion": false,
	"textures": {
		"particle": "#0"
	},
	"elements": [
		{
			"from": [4.25, 0.85, 0],
			"to": [4.25, 8.85, 16],
			"shade": false,
			"rotation": {"angle": 22.5, "axis": "z", "origin": [8, 8.25, 8]},
			"faces": {
				"east": {"uv": [0, 0, 16, 8], "texture": "#0", "tintindex": 0},
				"west": {"uv": [0, 0, 16, 8], "texture": "#0", "tintindex": 0}
			}
		},
		{
			"from": [11.75, 0.85, 0],
			"to": [11.75, 8.85, 16],
			"shade": false,
			"rotation": {"angle": -22.5, "axis": "z", "origin": [8, 8.25, 8]},
			"faces": {
				"east": {"uv": [0, 0, 16, 8], "texture": "#0", "tintindex": 0},
				"west": {"uv": [0, 0, 16, 8], "texture": "#0", "tintindex": 0}
			}
		},
		{
			"from": [0, 0.85, 4.25],
			"to": [16, 8.85, 4.25],
			"shade": false,
			"rotation": {"angle": -22.5, "axis": "x", "origin": [8, 8.25, 8]},
			"faces": {
				"north": {"uv": [0, 0, 16, 8], "texture": "#0", "tintindex": 0},
				"south": {"uv": [0, 0, 16, 8], "texture": "#0", "tintindex": 0}
			}
		},
		{
			"from": [0.05, 0.85, 11.75],
			"to": [16.05, 8.85, 11.75],
			"shade": false,
			"rotation": {"angle": 22.5, "axis": "x", "origin": [8, 8.25, 8]},
			"faces": {
				"north": {"uv": [0, 0, 16, 8], "texture": "#0", "tintindex": 0},
				"south": {"uv": [0, 0, 16, 8], "texture": "#0", "tintindex": 0}
			}
		},
		{
			"from": [11.75, 8.85, 0],
			"to": [11.75, 15.85, 16],
			"shade": false,
			"rotation": {"angle": -22.5, "axis": "z", "origin": [8, 8.25, 8]},
			"faces": {
				"east": {"uv": [0, 9, 16, 16], "texture": "#1", "tintindex": 0},
				"west": {"uv": [0, 9, 16, 16], "texture": "#1", "tintindex": 0}
			}
		},
		{
			"from": [4.25, 8.85, 0],
			"to": [4.25, 15.85, 16],
			"shade": false,
			"rotation": {"angle": 22.5, "axis": "z", "origin": [8, 8.25, 8]},
			"faces": {
				"east": {"uv": [0, 9, 16, 16], "texture": "#1", "tintindex": 0},
				"west": {"uv": [0, 9, 16, 16], "texture": "#1", "tintindex": 0}
			}
		},
		{
			"from": [1.65, 13.8, 0],
			"to": [1.65, 22.8, 16],
			"shade": false,
			"rotation": {"angle": 0, "axis": "z", "origin": [8, 8.25, 8]},
			"faces": {
				"east": {"uv": [0, 0, 16, 9], "texture": "#1", "tintindex": 0},
				"west": {"uv": [0, 0, 16, 9], "texture": "#1", "tintindex": 0}
			}
		},
		{
			"from": [14.35, 13.8, 0],
			"to": [14.35, 22.8, 16],
			"shade": false,
			"rotation": {"angle": 0, "axis": "z", "origin": [8, 8.25, 8]},
			"faces": {
				"east": {"uv": [0, 0, 16, 9], "texture": "#1", "tintindex": 0},
				"west": {"uv": [0, 0, 16, 9], "texture": "#1", "tintindex": 0}
			}
		},
		{
			"from": [0, 13.8, 14.35],
			"to": [16, 22.8, 14.35],
			"shade": false,
			"rotation": {"angle": 0, "axis": "y", "origin": [8, 8.25, 8]},
			"faces": {
				"north": {"uv": [0, 0, 16, 9], "texture": "#1", "tintindex": 0},
				"south": {"uv": [0, 0, 16, 9], "texture": "#1", "tintindex": 0}
			}
		},
		{
			"from": [0, 13.8, 1.65],
			"to": [16, 22.8, 1.65],
			"shade": false,
			"rotation": {"angle": 0, "axis": "y", "origin": [8, 8.25, 8]},
			"faces": {
				"north": {"uv": [0, 0, 16, 9], "texture": "#1", "tintindex": 0},
				"south": {"uv": [0, 0, 16, 9], "texture": "#1", "tintindex": 0}
			}
		},
		{
			"from": [0, 8.85, 4.25],
			"to": [16, 15.85, 4.25],
			"shade": false,
			"rotation": {"angle": -22.5, "axis": "x", "origin": [8, 8.25, 8]},
			"faces": {
				"north": {"uv": [0, 9, 16, 16], "texture": "#1", "tintindex": 0},
				"south": {"uv": [0, 9, 16, 16], "texture": "#1", "tintindex": 0}
			}
		},
		{
			"from": [0.05, 8.85, 11.75],
			"to": [16.05, 15.85, 11.75],
			"shade": false,
			"rotation": {"angle": 22.5, "axis": "x", "origin": [8, 8.25, 8]},
			"faces": {
				"north": {"uv": [0, 9, 16, 16], "texture": "#1", "tintindex": 0},
				"south": {"uv": [0, 9, 16, 16], "texture": "#1", "tintindex": 0}
			}
		},
		{
			"from": [0.8, 0, 8],
			"to": [15.2, 16, 8],
			"shade": false,
			"rotation": {"angle": 45, "axis": "y", "origin": [8, 8.25, 8], "rescale": true},
			"faces": {
				"north": {"uv": [0, 0, 16, 16], "texture": "#0", "tintindex": 0},
				"south": {"uv": [0, 0, 16, 16], "texture": "#0", "tintindex": 0}
			}
		},
		{
			"from": [8, 0, 0.8],
			"to": [8, 16, 15.2],
			"shade": false,
			"rotation": {"angle": 45, "axis": "y", "origin": [8, 8.25, 8], "rescale": true},
			"faces": {
				"east": {"uv": [0, 0, 16, 16], "texture": "#0", "tintindex": 0},
				"west": {"uv": [0, 0, 16, 16], "texture": "#0", "tintindex": 0}
			}
		}
	]
}